"Date","Open","High","Low","Close","Change","Change%","Volume('000 shares)"
"2023/01/04","28.9","29","28.75","29","0.1999999999999993","0.69","131.594"
"2023/01/03","28.7","28.9","28.45","28.8","0.10000000000000142","0.35","182.93"
"2022/12/30","28.5","29.15","28.5","28.7","0.1999999999999993","0.70","213.29"
"2022/12/29","28.5","28.7","28.25","28.5","0.05000000000000071","0.18","450.457"
"2022/12/28","28.5","28.8","28.45","28.45","-0.10000000000000142","-0.35","83.33"
"2022/12/27","28.8","28.9","28.55","28.55","0.05000000000000071","0.18","132.319"
"2022/12/26","28.4","28.75","28.35","28.5","0.05000000000000071","0.18","113.533"
"2022/12/23","28.4","28.65","28.35","28.45","-0.15000000000000213","-0.52","119.601"
"2022/12/22","28.6","28.7","28.2","28.6","0.3500000000000014","1.24","139.562"
"2022/12/21","28.65","28.65","28.25","28.25","0.05000000000000071","0.18","178.561"
"2022/12/20","28.75","29.05","28.1","28.2","-0.6000000000000014","-2.08","494.797"
"2022/12/19","28.7","29.25","28.7","28.8","-0.09999999999999787","-0.35","169.44"
"2022/12/16","29.3","29.35","28.9","28.9","-0.6500000000000021","-2.20","452.251"
"2022/12/15","29.65","29.85","29.35","29.55","-0.09999999999999787","-0.34","161.745"
"2022/12/14","29.6","29.95","29.6","29.65","0.04999999999999716","0.17","234.145"
"2022/12/13","29.85","29.85","29.45","29.6","-0.09999999999999787","-0.34","115.881"
"2022/12/12","29.7","29.85","29.3","29.7","0","0.00","209.84"
"2022/12/09","29.7","29.8","29.5","29.7","0.1999999999999993","0.68","92.525"
"2022/12/08","29.5","29.75","29.35","29.5","0","0.00","140.361"
"2022/12/07","29.5","30.1","29.4","29.5","-0.10000000000000142","-0.34","234.345"
"2022/12/06","30.3","30.35","29.6","29.6","-0.6999999999999993","-2.31","479.19"
"2022/12/05","29.55","30.7","29.55","30.3","0.75","2.54","973.213"
"2022/12/02","29.5","29.7","29.4","29.55","0","0.00","186.57"
"2022/12/01","29.85","29.9","29.25","29.55","-0.14999999999999858","-0.51","453.601"
"2022/11/30","29.45","29.7","29.15","29.7","0.34999999999999787","1.19","359.178"
"2022/11/29","28.95","29.5","28.9","29.35","0.40000000000000213","1.38","240.949"
"2022/11/28","28.6","28.95","28.6","28.95","0.05000000000000071","0.17","148.142"
"2022/11/25","29","29.15","28.85","28.9","-0.10000000000000142","-0.34","267.606"
"2022/11/24","28.55","29","28.5","29","0.4499999999999993","1.58","336.517"
"2022/11/23","28.25","28.7","28.2","28.55","0.3000000000000007","1.06","223.085"
"2022/11/22","28.2","28.45","28.05","28.25","0.05000000000000071","0.18","175.322"
"2022/11/21","28.15","28.35","28.05","28.2","0.09999999999999787","0.36","108.149"
"2022/11/18","28","28.4","27.95","28.1","0.05000000000000071","0.18","91.217"
"2022/11/17","27.9","28.25","27.9","28.05","0.10000000000000142","0.36","95.412"
"2022/11/16","28.15","28.45","27.85","27.95","-0.5","-1.76","196.81"
"2022/11/15","28","28.5","27.9","28.45","0.3999999999999986","1.43","329.321"
"2022/11/14","27.8","28.5","27.7","28.05","0.6500000000000021","2.37","448.604"
"2022/11/11","27.3","27.7","27.3","27.4","0.1999999999999993","0.74","260.003"
"2022/11/10","27","27.3","27","27.2","0.1999999999999993","0.74","138.208"
"2022/11/09","27.15","27.3","27","27","-0.14999999999999858","-0.55","311.807"
"2022/11/08","27.35","27.35","26.95","27.15","0","0.00","287.524"
"2022/11/07","27.25","27.25","26.95","27.15","0.04999999999999716","0.18","304.924"
"2022/11/04","26.9","27.15","26.9","27.1","0.10000000000000142","0.37","90.951"
"2022/11/03","27.25","27.25","26.95","27","-0.1999999999999993","-0.74","114.096"
"2022/11/02","27","27.25","27","27.2","0.3000000000000007","1.12","86.056"
"2022/11/01","26.8","27.1","26.7","26.9","0.09999999999999787","0.37","119.155"
"2022/10/31","26.9","27.05","26.8","26.8","0.05000000000000071","0.19","100.205"
"2022/10/28","27.4","27.4","26.75","26.75","-0.3999999999999986","-1.47","190.271"
"2022/10/27","26.95","27.3","26.95","27.15","0.1999999999999993","0.74","196.2"
"2022/10/26","27.4","27.4","26.7","26.95","-0.10000000000000142","-0.37","252.171"
"2022/10/25","27.55","27.6","26.65","27.05","-0.3999999999999986","-1.46","559.417"
"2022/10/24","27.35","27.8","27.2","27.45","0.25","0.92","418.333"
"2022/10/21","27.7","27.7","27","27.2","-0.6999999999999993","-2.51","385.358"
"2022/10/20","28","28","26.9","27.9","-0.15000000000000213","-0.53","1726.198"
"2022/10/19","28.05","28.25","27.9","28.05","-0.1999999999999993","-0.71","355.84"
"2022/10/18","28.35","28.35","27.8","28.25","0.3000000000000007","1.07","420.653"
"2022/10/17","28.35","28.5","27.75","27.95","-0.8500000000000014","-2.95","776.824"
"2022/10/14","29.1","29.6","28.75","28.8","0.10000000000000142","0.35","410.178"
"2022/10/13","29.5","29.5","28.65","28.7","-0.8000000000000007","-2.71","609.471"
"2022/10/12","29.65","29.7","29.1","29.5","-0.10000000000000142","-0.34","358.12"
"2022/10/11","30","30.2","29.55","29.6","-1.1499999999999986","-3.74","460.597"
"2022/10/07","30.8","31.5","30.75","30.75","-0.3500000000000014","-1.13","386.83"
"2022/10/06","30.15","31.3","30.15","31.1","0.6500000000000021","2.13","511.495"
"2022/10/05","31.2","31.25","30.2","30.45","-0.1999999999999993","-0.65","503.685"
"2022/10/04","29.95","30.7","29.95","30.65","0.6999999999999993","2.34","601.342"
"2022/10/03","29.4","30","29.3","29.95","0.5","1.70","335.227"
"2022/09/30","28.95","29.9","28.9","29.45","0.14999999999999858","0.51","400.881"
"2022/09/29","29.35","29.75","29.3","29.3","0.3000000000000007","1.03","211.459"
"2022/09/28","29.35","29.9","28.85","29","-0.3500000000000014","-1.19","789.95"
"2022/09/27","29.55","30.5","29.35","29.35","0.3000000000000007","1.03","911.605"
"2022/09/26","29.15","29.85","28.95","29.05","-0.4499999999999993","-1.53","1060.099"
"2022/09/23","29.35","30.5","29.35","29.5","0.3000000000000007","1.03","1420.448"
"2022/09/22","29.35","29.5","29.2","29.2","-0.10000000000000142","-0.34","121.76"
"2022/09/21","29.6","29.75","29.3","29.3","-0.3000000000000007","-1.01","229.934"
"2022/09/20","29.6","29.65","29.45","29.6","0.10000000000000142","0.34","111.882"
"2022/09/19","29.75","29.85","29.5","29.5","-0.1999999999999993","-0.67","87.622"
"2022/09/16","29.5","29.9","29.5","29.7","-0.15000000000000213","-0.50","97.107"
"2022/09/15","29.5","29.95","29.5","29.85","0.20000000000000284","0.67","150.143"
"2022/09/14","29.3","29.8","29.3","29.65","-0.25","-0.84","148.543"
"2022/09/13","29.65","29.9","29.65","29.9","0.25","0.84","322.735"
"2022/09/12","29.3","29.7","29.3","29.65","0.34999999999999787","1.19","209.125"
"2022/09/08","29.25","29.35","29.2","29.3","0.25","0.86","53.941"
"2022/09/07","29.3","29.3","28.95","29.05","-0.25","-0.85","166.701"
"2022/09/06","29.5","29.55","29.2","29.3","-0.1999999999999993","-0.68","159.472"
"2022/09/05","29.8","29.85","29.5","29.5","-0.3000000000000007","-1.01","166.65"
"2022/09/02","29.85","29.9","29.7","29.8","0.10000000000000142","0.34","100.207"
"2022/09/01","29.55","29.85","29.4","29.7","-0.10000000000000142","-0.34","141.077"
"2022/08/31","29.8","29.85","29.55","29.8","0.15000000000000213","0.51","79.159"
"2022/08/30","29.5","29.7","29.45","29.65","0.14999999999999858","0.51","59.016"
"2022/08/29","29.35","29.6","29.35","29.5","-0.4499999999999993","-1.50","165.623"
"2022/08/26","29.9","30.05","29.85","29.95","0.09999999999999787","0.34","140.551"
"2022/08/25","29.8","29.95","29.65","29.85","0.15000000000000213","0.51","274.903"
"2022/08/24","29.6","29.8","29.6","29.7","0.09999999999999787","0.34","149.288"
"2022/08/23","29.5","29.6","29.35","29.6","0","0.00","298.664"
"2022/08/22","29.65","29.9","29.35","29.6","-0.34999999999999787","-1.17","331.797"
"2022/08/19","29.85","30","29.65","29.95","0.09999999999999787","0.34","359.892"
"2022/08/18","29.9","30","29.75","29.85","-0.04999999999999716","-0.17","419.197"
"2022/08/17","29.8","30.2","29.55","29.9","0.29999999999999716","1.01","434.303"
"2022/08/16","29.8","29.8","29.5","29.6","-0.1999999999999993","-0.67","232.685"
"2022/08/15","29.85","29.85","29.6","29.8","0.1999999999999993","0.68","265.268"
"2022/08/12","29.6","29.65","29.4","29.6","0.05000000000000071","0.17","257.029"
"2022/08/11","29.5","29.8","29.5","29.55","0","0.00","58.913"
"2022/08/10","29.3","29.6","29.3","29.55","0.10000000000000142","0.34","169.619"
"2022/08/09","29.45","29.7","29.4","29.45","0","0.00","119.123"
"2022/08/08","29.2","29.45","29.2","29.45","0.1999999999999993","0.68","87.233"
"2022/08/05","29","29.3","29","29.25","0.5","1.74","98.138"
"2022/08/04","28.9","28.9","28.35","28.75","-0.14999999999999858","-0.52","221.97"
"2022/08/03","29.15","29.15","28.75","28.9","-0.25","-0.86","262.179"
"2022/08/02","29.4","29.5","29.1","29.15","-0.45000000000000284","-1.52","197.189"
"2022/08/01","29.35","30","29.3","29.6","0.20000000000000284","0.68","277.918"
"2022/07/29","29.5","29.6","29.3","29.4","0","0.00","133.301"
"2022/07/28","29.25","29.5","29.15","29.4","0.25","0.86","40.234"
"2022/07/27","29.25","29.3","29.15","29.15","-0.10000000000000142","-0.34","87.277"
"2022/07/26","29.45","29.45","29.1","29.25","-0.05000000000000071","-0.17","487.121"
"2022/07/25","29.2","29.45","29.05","29.3","0.05000000000000071","0.17","541.341"
"2022/07/22","29.3","29.45","29.1","29.25","-0.3000000000000007","-1.02","123.965"
"2022/07/21","29.45","29.6","29.25","29.55","0.1999999999999993","0.68","92.154"
"2022/07/20","29.65","30","29.3","29.35","-0.29999999999999716","-1.01","324.356"
"2022/07/19","28.9","29.7","28.8","29.65","0.8999999999999986","3.13","507.789"
"2022/07/18","28.25","28.95","28.25","28.75","0.5500000000000007","1.95","240.649"
"2022/07/15","28.6","28.6","28.15","28.2","-0.40000000000000213","-1.40","446.736"
"2022/07/14","28.8","28.9","28.4","28.6","-1.8499999999999979","-6.08","296.434"
"2022/07/13","30.3","30.65","30.3","30.45","0.34999999999999787","1.16","390.827"
"2022/07/12","30.8","30.8","30.05","30.1","-0.6999999999999993","-2.27","402.801"
"2022/07/11","31.4","31.5","30.8","30.8","-0.25","-0.81","377.899"
"2022/07/08","31.2","31.7","30.85","31.05","-0.14999999999999858","-0.48","851.37"
"2022/07/07","31.35","31.7","30.85","31.2","-0.15000000000000213","-0.48","380.249"
"2022/07/06","31.8","32.1","31.3","31.35","-0.4499999999999993","-1.42","483.538"
"2022/07/05","31.9","32.25","31.15","31.8","0.6000000000000014","1.92","307.886"
"2022/07/04","31.3","31.85","31","31.2","-0.10000000000000142","-0.32","276.358"
"2022/07/01","31.7","31.95","31.2","31.3","-0.5500000000000007","-1.73","332.419"
"2022/06/30","32.05","32.15","31.55","31.85","-0.3500000000000014","-1.09","323.255"
"2022/06/29","32.1","32.45","32.1","32.2","-0.09999999999999432","-0.31","115.264"
"2022/06/28","32.5","32.5","32.15","32.3","-0.25","-0.77","88.23"
"2022/06/27","32.6","32.6","32.2","32.55","0.19999999999999574","0.62","232.897"
"2022/06/24","32.35","32.6","32.05","32.35","0.30000000000000426","0.94","346.448"
"2022/06/23","31.95","32.5","31.7","32.05","0.14999999999999858","0.47","439"
"2022/06/22","32","32","31.7","31.9","-0.30000000000000426","-0.93","205.366"
"2022/06/21","31.7","32.25","31.7","32.2","0.9000000000000021","2.88","248.762"
"2022/06/20","31.7","31.9","31.3","31.3","-0.3000000000000007","-0.95","294.015"
"2022/06/17","32","32.6","31.6","31.6","-0.5499999999999972","-1.71","598.251"
"2022/06/16","33","33","32.1","32.15","-0.6499999999999986","-1.98","198.367"
"2022/06/15","32.4","32.9","32.4","32.8","0.5499999999999972","1.71","236.85"
"2022/06/14","32.7","32.8","32.2","32.25","-0.3500000000000014","-1.07","197.679"
"2022/06/13","32.3","32.85","32.3","32.6","-0.3500000000000014","-1.06","342.004"
"2022/06/10","32.5","32.95","32.5","32.95","0.25","0.76","222.469"
"2022/06/09","32.3","32.75","32.3","32.7","0.15000000000000568","0.46","100.02"
"2022/06/08","32.65","32.7","32.4","32.55","-0.10000000000000142","-0.31","106.25"
"2022/06/07","32.15","32.8","32.15","32.65","0.5","1.56","411.04"
"2022/06/06","32.6","32.6","32.15","32.15","-0.10000000000000142","-0.31","196.75"
"2022/06/02","32.45","32.45","32.25","32.25","-0.14999999999999858","-0.46","128.108"
"2022/06/01","32.15","32.8","32.15","32.4","0.14999999999999858","0.47","326.268"
"2022/05/31","32.35","32.35","32","32.25","0","0.00","218.086"
"2022/05/30","32.3","32.85","32.1","32.25","0.3999999999999986","1.26","325.026"
"2022/05/27","32","32.2","31.8","31.85","-0.09999999999999787","-0.31","107.413"
"2022/05/26","31.8","32.5","31.65","31.95","0.3000000000000007","0.95","287.856"
"2022/05/25","31.75","31.75","31.45","31.65","0.14999999999999858","0.48","117.329"
"2022/05/24","31.9","31.9","31.45","31.5","-0.3999999999999986","-1.25","120.889"
"2022/05/23","31.6","31.95","31.6","31.9","0.29999999999999716","0.95","106.47"
"2022/05/20","31.35","31.6","31.25","31.6","0.25","0.80","118.324"
"2022/05/19","31.25","31.4","31.2","31.35","-0.29999999999999716","-0.95","114.393"
"2022/05/18","31.35","31.85","31.35","31.65","0.14999999999999858","0.48","169.657"
"2022/05/17","31.3","31.7","31.25","31.5","0.1999999999999993","0.64","166.868"
"2022/05/16","31.1","31.5","31.05","31.3","-0.05000000000000071","-0.16","316.484"
"2022/05/13","30.85","31.45","30.85","31.35","0.5","1.62","207.947"
"2022/05/12","31.3","31.3","30.8","30.85","-0.5499999999999972","-1.75","387.006"
"2022/05/11","31.25","31.5","31.25","31.4","-0.3000000000000007","-0.95","179.491"
"2022/05/10","31.55","31.7","31","31.7","-0.25","-0.78","386.557"
"2022/05/09","32.55","32.55","31.9","31.95","-0.5999999999999979","-1.84","272.044"
"2022/05/06","32.55","32.6","32.3","32.55","-0.3500000000000014","-1.06","313.297"
"2022/05/05","32.9","33.1","32.9","32.9","0.14999999999999858","0.46","155.392"
"2022/05/04","32.8","32.8","32.6","32.75","-0.04999999999999716","-0.15","273.267"
"2022/05/03","33","33","32.55","32.8","-0.20000000000000284","-0.61","431.001"
"2022/04/29","32.75","33.2","32.75","33","0.25","0.76","98.283"
"2022/04/28","32.85","33","32.75","32.75","-0.10000000000000142","-0.30","153.847"
"2022/04/27","33.2","33.2","32.5","32.85","-0.3999999999999986","-1.20","290.328"
"2022/04/26","32.95","33.3","32.9","33.25","0.6000000000000014","1.84","186.953"
"2022/04/25","33.5","33.5","32.4","32.65","-1.1499999999999986","-3.40","603.225"
"2022/04/22","33.95","33.95","33.65","33.8","-0.15000000000000568","-0.44","129.171"
"2022/04/21","34.15","34.15","33.8","33.95","0.10000000000000142","0.30","133.434"
"2022/04/20","34.15","34.15","33.85","33.85","-0.19999999999999574","-0.59","194.076"
"2022/04/19","33.9","34.1","33.7","34.05","0.3499999999999943","1.04","315.733"
"2022/04/18","34.1","34.15","33.7","33.7","-0.3999999999999986","-1.17","495.24"
"2022/04/15","34.5","34.5","34.1","34.1","-0.3500000000000014","-1.02","142.337"
"2022/04/14","34.5","34.6","34.35","34.45","-0.04999999999999716","-0.14","278.553"
"2022/04/13","34","34.6","34","34.5","0.5","1.47","331.579"
"2022/04/12","34.35","34.4","33.95","34","-0.3999999999999986","-1.16","391.901"
"2022/04/11","34.6","35.15","34.35","34.4","-0.14999999999999858","-0.43","368.087"
"2022/04/08","35","35","34.4","34.55","-0.10000000000000142","-0.29","297.136"
"2022/04/07","34.5","35","34.5","34.65","-0.20000000000000284","-0.57","441.089"
"2022/04/06","34.9","35.15","34.5","34.85","-0.29999999999999716","-0.85","311.613"
"2022/04/01","34.55","35.2","34.1","35.15","0.8500000000000014","2.48","1150.559"
"2022/03/31","34.35","34.6","34.25","34.3","0.04999999999999716","0.15","561.715"
"2022/03/30","34.05","34.3","33.8","34.25","0.45000000000000284","1.33","365.074"
"2022/03/29","33.8","34","33.75","33.8","0","0.00","359.888"
"2022/03/28","33.95","33.95","33.45","33.8","-0.3500000000000014","-1.02","481.268"
"2022/03/25","34.05","34.35","34.05","34.15","0.10000000000000142","0.29","199.973"
"2022/03/24","33.9","34.15","33.9","34.05","-0.10000000000000142","-0.29","481.252"
"2022/03/23","34.2","34.25","33.9","34.15","0","0.00","261.213"
"2022/03/22","34.25","34.25","33.9","34.15","0.04999999999999716","0.15","118.509"
"2022/03/21","33.8","34.35","33.8","34.1","0.5","1.49","238.096"
"2022/03/18","34.15","34.5","33.6","33.6","-0.8500000000000014","-2.47","436.47"
"2022/03/17","34.1","34.6","34.1","34.45","0.75","2.23","293.29"
"2022/03/16","33.9","34","33.45","33.7","-0.14999999999999858","-0.44","386.3"
"2022/03/15","34.2","34.2","33.8","33.85","-0.3999999999999986","-1.17","337.084"
"2022/03/14","34.25","34.65","34.25","34.25","-0.25","-0.72","190.192"
"2022/03/11","34.7","34.7","34.35","34.5","-0.04999999999999716","-0.14","134.019"
"2022/03/10","34.3","34.7","34.3","34.55","0.3999999999999986","1.17","204.86"
"2022/03/09","34.4","34.4","34","34.15","0.29999999999999716","0.89","276.466"
"2022/03/08","33.95","34.5","33.7","33.85","-0.5","-1.46","749.662"
"2022/03/07","35.3","35.3","34.35","34.35","-1.1499999999999986","-3.24","1095.339"
"2022/03/04","35.6","35.7","35.35","35.5","-0.3500000000000014","-0.98","564.782"
"2022/03/03","35.9","36.05","35.75","35.85","-0.14999999999999858","-0.42","178.043"
"2022/03/02","35.95","36.3","35.8","36","0","0.00","380.9"
"2022/03/01","36.1","36.25","35.8","36","0.20000000000000284","0.56","388.748"
"2022/02/25","35.1","36","35.1","35.8","0.75","2.14","731.752"
"2022/02/24","35.8","35.95","34.95","35.05","-1.0500000000000043","-2.91","990.015"
"2022/02/23","36","36.15","35.8","36.1","0.10000000000000142","0.28","276.027"
"2022/02/22","36.4","36.4","35.8","36","-0.6499999999999986","-1.77","503.619"
"2022/02/21","36","36.8","36","36.65","0.5","1.38","462.149"
"2022/02/18","35.75","36.4","35.7","36.15","-0.25","-0.69","439.054"
"2022/02/17","36.4","36.85","36.05","36.4","-0.30000000000000426","-0.82","1051.193"
"2022/02/16","35.3","36.7","35.3","36.7","1.5","4.26","1385.7"
"2022/02/15","35.2","35.65","35.15","35.2","-0.09999999999999432","-0.28","614.809"
"2022/02/14","35.9","35.9","35.15","35.3","-0.9500000000000028","-2.62","726.063"
"2022/02/11","35.3","36.3","35.3","36.25","0.6000000000000014","1.68","1413.845"
"2022/02/10","35.4","36","35.3","35.65","0.25","0.71","849.693"
"2022/02/09","34.85","35.4","34.8","35.4","0.75","2.16","1537.752"
"2022/02/08","34.05","34.9","34","34.65","0.7999999999999972","2.36","1920.769"
"2022/02/07","33.25","33.9","33.05","33.85","0.6000000000000014","1.80","822.231"
"2022/01/26","32.95","33.3","32.8","33.25","0.3999999999999986","1.22","278.155"
"2022/01/25","33.55","33.55","32.75","32.85","-0.6499999999999986","-1.94","812.062"
"2022/01/24","33.1","33.55","33","33.5","0.20000000000000284","0.60","890.263"
"2022/01/21","33.65","33.8","33.2","33.3","-0.5","-1.48","1049.299"
"2022/01/20","33.55","33.85","33.4","33.8","0.29999999999999716","0.90","359.493"
"2022/01/19","33.55","33.75","33.45","33.5","-0.04999999999999716","-0.15","485.721"
"2022/01/18","33.6","33.65","33.4","33.55","0.04999999999999716","0.15","350.528"
"2022/01/17","33.25","33.65","33.2","33.5","0.25","0.75","491.292"
"2022/01/14","33.55","33.55","33.05","33.25","-0.25","-0.75","320.542"
"2022/01/13","33.45","33.65","33.25","33.5","0.25","0.75","616.423"
"2022/01/12","33.1","33.5","33.1","33.25","0.20000000000000284","0.61","527.562"
"2022/01/11","34.5","34.5","32.95","33.05","-1.25","-3.64","1149.444"
"2022/01/10","32.9","34.35","32.9","34.3","1.3999999999999986","4.26","1774.455"
"2022/01/07","33.8","33.8","32.8","32.9","-0.6000000000000014","-1.79","847.633"
"2022/01/06","32.55","33.5","32.45","33.5","0.7999999999999972","2.45","802.014"
"2022/01/05","32.65","32.75","32.55","32.7","0","0.00","171.829"
"2022/01/04","32.6","32.95","32.6","32.7","0","0.00","131.048"
"2022/01/03","33.15","33.15","32.65","32.7","-0.3499999999999943","-1.06","293.66"
"2021/12/30","33","33.1","32.85","33.05","0.25","0.76","539.965"
"2021/12/29","32.6","32.95","32.5","32.8","0.19999999999999574","0.61","252.425"
"2021/12/28","32.6","32.6","32.5","32.6","0.05000000000000426","0.15","162.592"
"2021/12/27","32.6","32.65","32.45","32.55","-0.05000000000000426","-0.15","184.84"
"2021/12/24","32.55","32.65","32.5","32.6","0","0.00","82.568"
"2021/12/23","32.6","32.6","32.2","32.6","0.14999999999999858","0.46","119.412"
"2021/12/22","32.5","32.55","32.3","32.45","-0.09999999999999432","-0.31","95.202"
"2021/12/21","32.3","32.55","32.05","32.55","0.19999999999999574","0.62","181.824"
"2021/12/20","31.9","32.65","31.9","32.35","0.5","1.57","154.358"
"2021/12/17","31.8","32.4","31.8","31.85","-0.25","-0.78","296.149"
"2021/12/16","32.1","32.2","32","32.1","0.05000000000000426","0.16","205.81"
"2021/12/15","32.1","32.2","31.9","32.05","-0.05000000000000426","-0.16","180.191"
"2021/12/14","32.35","32.65","32","32.1","-0.6499999999999986","-1.98","209.738"
"2021/12/13","32.7","32.85","32.5","32.75","0.25","0.77","205.416"
"2021/12/10","32.65","32.8","32.45","32.5","-0.29999999999999716","-0.91","174.038"
"2021/12/09","33.05","33.05","32.75","32.8","-0.15000000000000568","-0.46","254.293"
"2021/12/08","33.15","33.2","32.8","32.95","-0.04999999999999716","-0.15","371.012"
"2021/12/07","32.15","33.05","32.15","33","0.9500000000000028","2.96","933.095"
"2021/12/06","32","32.25","31.85","32.05","-0.15000000000000568","-0.47","195.44"
"2021/12/03","32.35","32.45","32","32.2","-0.09999999999999432","-0.31","196.104"
"2021/12/02","32.65","32.65","32.25","32.3","-0.20000000000000284","-0.62","91.1"
"2021/12/01","32","32.65","32","32.5","0.3999999999999986","1.25","374.345"
"2021/11/30","31.75","32.35","31.75","32.1","0.5500000000000007","1.74","538.305"
"2021/11/29","31.7","31.7","31","31.55","-0.14999999999999858","-0.47","284.228"
"2021/11/26","31.9","31.95","31.5","31.7","-0.1999999999999993","-0.63","550.805"
"2021/11/25","32","32.15","31.85","31.9","-0.14999999999999858","-0.47","266.484"
"2021/11/24","31.85","32.25","31.8","32.05","0.29999999999999716","0.94","180.244"
"2021/11/23","31.85","31.95","31.75","31.75","-0.10000000000000142","-0.31","176.24"
"2021/11/22","32.2","32.2","31.85","31.85","-0.5","-1.55","308.983"
"2021/11/19","32.45","32.5","32.2","32.35","-0.14999999999999858","-0.46","140.294"
"2021/11/18","32.3","32.65","32.2","32.5","0.29999999999999716","0.93","346.162"
"2021/11/17","31.9","32.25","31.9","32.2","0.15000000000000568","0.47","145.139"
"2021/11/16","31.95","32.2","31.75","32.05","0.04999999999999716","0.16","367.939"
"2021/11/15","32.5","32.5","31.9","32","-0.14999999999999858","-0.47","296.707"
"2021/11/12","32.75","32.75","32.05","32.15","-0.75","-2.28","533.891"
"2021/11/11","33.2","33.3","32.85","32.9","-0.25","-0.75","242.439"
"2021/11/10","32.95","33.3","32.9","33.15","0.29999999999999716","0.91","447.703"
"2021/11/09","32.65","33","32.65","32.85","0.20000000000000284","0.61","447.824"
"2021/11/08","32.4","33","32.4","32.65","0.25","0.77","480.464"
"2021/11/05","32.8","32.8","32.15","32.4","0.10000000000000142","0.31","275.437"
"2021/11/04","32.2","32.5","32.15","32.3","0.14999999999999858","0.47","283.318"
"2021/11/03","32.3","32.3","31.9","32.15","0.25","0.78","172.778"
"2021/11/02","32.35","32.4","31.85","31.9","-0.3500000000000014","-1.09","272.516"
"2021/11/01","32","32.4","32","32.25","0.25","0.78","230.922"
"2021/10/29","32.4","32.4","31.9","32","-0.14999999999999858","-0.47","188.574"
"2021/10/28","32.45","32.45","32","32.15","-0.05000000000000426","-0.16","200.928"
"2021/10/27","32.35","32.75","31.9","32.2","-0.25","-0.77","230.819"
"2021/10/26","32.6","32.75","32.25","32.45","-0.04999999999999716","-0.15","244.401"
"2021/10/25","32.7","32.85","32.45","32.5","0.04999999999999716","0.15","387.567"
"2021/10/22","32.35","32.6","32","32.45","0.15000000000000568","0.46","450.549"
"2021/10/21","32","32.45","31.95","32.3","0.44999999999999574","1.41","527.956"
"2021/10/20","32.25","32.25","31.85","31.85","-0.14999999999999858","-0.47","167.258"
"2021/10/19","32.1","32.15","31.9","32","0.10000000000000142","0.31","259.414"
"2021/10/18","32","32.15","31.6","31.9","0.04999999999999716","0.16","206.578"
"2021/10/15","31.7","32","31.6","31.85","0.25","0.79","381.19"
"2021/10/14","31.2","31.8","31.2","31.6","0.40000000000000213","1.28","345.346"
"2021/10/13","32.5","32.5","31.1","31.2","-0.8000000000000007","-2.50","802.12"
"2021/10/12","31.25","32.2","31.2","32","0.8500000000000014","2.73","772.27"
"2021/10/08","31.2","31.35","30.85","31.15","0.14999999999999858","0.48","407.719"
"2021/10/07","30.6","31.1","30.4","31","0.6000000000000014","1.97","467.382"
"2021/10/06","30.75","30.85","30.25","30.4","-0.3000000000000007","-0.98","652.843"
"2021/10/05","30.6","30.75","30.2","30.7","-0.25","-0.81","670.165"
"2021/10/04","31.3","31.3","30.65","30.95","-0.10000000000000142","-0.32","619.538"
"2021/10/01","31.65","31.65","30.95","31.05","-0.5999999999999979","-1.90","1198.696"
"2021/09/30","31.65","32","31.55","31.65","0","0.00","615.448"
"2021/09/29","31.85","31.95","31.6","31.65","-0.45000000000000284","-1.40","895.34"
"2021/09/28","32.25","32.25","32.05","32.1","-0.25","-0.77","533.597"
"2021/09/27","32.4","32.6","32","32.35","-0.04999999999999716","-0.15","652.294"
"2021/09/24","32.1","32.8","32.1","32.4","0.3999999999999986","1.25","697.041"
"2021/09/23","32.35","32.45","31.95","32","-0.04999999999999716","-0.16","721.336"
"2021/09/22","32.4","32.65","31.95","32.05","-0.75","-2.29","919.663"
"2021/09/17","33.25","33.7","32.8","32.8","-0.45000000000000284","-1.35","1240.004"
"2021/09/16","33.4","33.75","32.85","33.25","-0.20000000000000284","-0.60","775.462"
"2021/09/15","33.9","33.9","33.2","33.45","-0.6499999999999986","-1.91","1043.389"
"2021/09/14","34.6","34.9","34","34.1","-0.44999999999999574","-1.30","777.487"
"2021/09/13","35","35.35","34.25","34.55","-0.30000000000000426","-0.86","634.474"
"2021/09/10","35","35.1","34.35","34.85","-0.14999999999999858","-0.43","633.942"
"2021/09/09","34.6","35.9","34.5","35","0.75","2.19","2045.544"
"2021/09/08","34.8","35.35","34.2","34.25","-0.45000000000000284","-1.30","808.515"
"2021/09/07","34.6","35.1","34.3","34.7","0.10000000000000142","0.29","664.357"
"2021/09/06","35","35.6","34.4","34.6","-0.9499999999999957","-2.67","1577.962"
"2021/09/03","36.6","37","35.55","35.55","0.14999999999999858","0.42","3935.226"
"2021/09/02","36.6","37.15","35.35","35.4","-0.45000000000000284","-1.26","4791.451"
"2021/09/01","34.45","36.1","33.9","35.85","2.950000000000003","8.97","5310.727"
"2021/08/31","31.8","33","31.8","32.9","0.8999999999999986","2.81","849.813"
"2021/08/30","31.5","32.15","31.5","32","0.6000000000000014","1.91","361.263"
"2021/08/27","31.15","31.6","31.15","31.4","0.04999999999999716","0.16","215.317"
"2021/08/26","31.5","31.75","31.25","31.35","-0.29999999999999716","-0.95","381.664"
"2021/08/25","31.25","32","31.25","31.65","0.5","1.61","514.349"
"2021/08/24","31.25","31.45","30.95","31.15","-0.05000000000000071","-0.16","466.067"
"2021/08/23","31.3","31.8","31.1","31.2","-0.05000000000000071","-0.16","787.903"
"2021/08/20","31.85","32.35","31.25","31.25","-1.1000000000000014","-3.40","970.056"
"2021/08/19","32.2","32.45","31.7","32.35","-0.04999999999999716","-0.15","817.816"
"2021/08/18","32.05","32.45","31.7","32.4","0","0.00","882.724"
"2021/08/17","32.4","32.75","32.35","32.4","0","0.00","300.029"
"2021/08/16","32.7","33.1","32.3","32.4","-0.3500000000000014","-1.07","1052.582"
"2021/08/13","32.7","33.15","32.7","32.75","-0.10000000000000142","-0.30","258.885"
"2021/08/12","33.1","33.25","32.8","32.85","0.10000000000000142","0.31","236.007"
"2021/08/11","33.75","33.95","32.6","32.75","-1","-2.96","1114.763"
"2021/08/10","33.55","34.15","33.55","33.75","0.25","0.75","311.904"
"2021/08/09","34","34.25","33.45","33.5","-0.6499999999999986","-1.90","465.787"
"2021/08/06","34.6","34.75","34.05","34.15","-0.3999999999999986","-1.16","489.143"
"2021/08/05","34.8","34.9","34.15","34.55","-0.05000000000000426","-0.14","659.101"
"2021/08/04","33.2","34.75","33.2","34.6","1.3999999999999986","4.22","1609.549"
"2021/08/03","33.2","33.7","33","33.2","-0.19999999999999574","-0.60","249.83"
"2021/08/02","33.15","33.7","33.15","33.4","0.19999999999999574","0.60","377.597"
"2021/07/30","32.1","33.85","32.1","33.2","1.1000000000000014","3.43","1068.461"
"2021/07/29","32","32.45","31.9","32.1","0.10000000000000142","0.31","253.543"
"2021/07/28","32.2","32.4","31.6","32","-0.29999999999999716","-0.93","827.664"
"2021/07/27","32.5","32.55","32.3","32.3","-0.20000000000000284","-0.62","414.477"
"2021/07/26","32.35","32.7","32.35","32.5","0.14999999999999858","0.46","112.454"
"2021/07/23","32.35","32.7","32","32.35","0.14999999999999858","0.47","281.523"
"2021/07/22","32.1","32.25","32.05","32.2","0.30000000000000426","0.94","226.311"
"2021/07/21","32.3","32.45","31.9","31.9","-0.3500000000000014","-1.09","485.83"
"2021/07/20","32.25","32.35","32.1","32.25","-0.29999999999999716","-0.92","325.345"
"2021/07/19","32.25","32.55","32.25","32.55","0.04999999999999716","0.15","239.057"
"2021/07/16","32.6","32.6","32.2","32.5","-0.10000000000000142","-0.31","172.867"
"2021/07/15","32.35","32.75","32.35","32.6","0.25","0.77","188.635"
"2021/07/14","32.65","32.65","32.05","32.35","-0.29999999999999716","-0.92","363.145"
"2021/07/13","32.85","33.15","32.6","32.65","-0.45000000000000284","-1.36","589.65"
"2021/07/12","32.4","33.3","32.3","33.1","-0.10000000000000142","-0.30","624.935"
"2021/07/09","33.9","34","33","33.2","-0.6999999999999957","-2.06","1306.662"
"2021/07/08","34.15","34.2","33.75","33.9","-0.05000000000000426","-0.15","417.35"
"2021/07/07","34.05","34.2","33.8","33.95","-0.09999999999999432","-0.29","209.808"
"2021/07/06","34.25","34.35","33.95","34.05","0.19999999999999574","0.59","401.86"
"2021/07/05","33.75","34.3","33.75","33.85","0.3500000000000014","1.04","395.599"
"2021/07/02","34.35","34.35","33.5","33.5","-0.6000000000000014","-1.76","319.092"
"2021/07/01","34.05","34.8","33.85","34.1","0.05000000000000426","0.15","922.096"
"2021/06/30","33.85","34.6","33.75","34.05","0.3999999999999986","1.19","1259.257"
"2021/06/29","34","34.1","33.5","33.65","-0.14999999999999858","-0.44","640.176"
"2021/06/28","32.9","33.85","32.7","33.8","0.8999999999999986","2.74","568.027"
"2021/06/25","33.35","33.35","32.9","32.9","-0.10000000000000142","-0.30","335.569"
"2021/06/24","32.3","33.2","32.3","33","0.7000000000000028","2.17","403.879"
"2021/06/23","32.3","32.4","32","32.3","0.14999999999999858","0.47","308.851"
"2021/06/22","32.2","32.65","32","32.15","0.04999999999999716","0.16","507.837"
"2021/06/21","32.45","32.5","32.1","32.1","-0.5499999999999972","-1.68","757.386"
"2021/06/18","32.55","32.65","32.3","32.65","0.04999999999999716","0.15","699.479"
"2021/06/17","32.75","32.85","32.55","32.6","-0.04999999999999716","-0.15","271.665"
"2021/06/16","32.8","33","32.55","32.65","-0.14999999999999858","-0.46","341.169"
"2021/06/15","33.1","33.1","32.7","32.8","-0.15000000000000568","-0.46","408.661"
"2021/06/11","33","33.15","32.8","32.95","-0.04999999999999716","-0.15","294.44"
"2021/06/10","32.75","33.1","32.75","33","0.14999999999999858","0.46","188.617"
"2021/06/09","32.85","32.9","32.6","32.85","0","0.00","183.451"
"2021/06/08","32.95","32.95","32.6","32.85","0","0.00","211.36"
"2021/06/07","33.55","33.75","32.3","32.85","-0.6499999999999986","-1.94","779.626"
"2021/06/04","33.7","33.9","33.4","33.5","-0.20000000000000284","-0.59","326.453"
"2021/06/03","34.3","34.3","33.6","33.7","0.05000000000000426","0.15","269.839"
"2021/06/02","33.65","34.4","33.55","33.65","0","0.00","295.563"
"2021/06/01","33.45","33.8","32.95","33.65","0.5","1.51","662.49"
"2021/05/31","32.9","33.4","32.85","33.15","0.25","0.76","546.174"
"2021/05/28","32.8","33.4","32.8","32.9","0.14999999999999858","0.46","421.268"
"2021/05/27","33.2","33.2","32.6","32.75","-0.3500000000000014","-1.06","380.513"
"2021/05/26","32.9","33.1","32.5","33.1","0.10000000000000142","0.30","260.422"
"2021/05/25","33.5","33.5","32.85","33","-0.04999999999999716","-0.15","821.037"
"2021/05/24","32.3","33.2","32.15","33.05","0.75","2.32","638.046"
"2021/05/21","31.75","32.4","31.75","32.3","0.7499999999999964","2.38","458.424"
"2021/05/20","32.1","32.1","31.5","31.55","-0.5999999999999979","-1.87","568.561"
"2021/05/19","32.35","32.8","31.5","32.15","-0.20000000000000284","-0.62","584.389"
"2021/05/18","30.1","32.45","30.1","32.35","2.3000000000000007","7.65","1048.245"
"2021/05/17","31.15","32","29.9","30.05","-2.849999999999998","-8.66","1926.46"
"2021/05/14","32.7","33.5","32.5","32.9","0.19999999999999574","0.61","1391.967"
"2021/05/13","32.9","33.85","32.05","32.7","-0.7999999999999972","-2.39","1412.092"
"2021/05/12","35.3","35.5","32.4","33.5","-2.450000000000003","-6.82","2646.753"
"2021/05/11","37.6","37.9","35.4","35.95","-1.9499999999999957","-5.15","1565.875"
"2021/05/10","37.2","38.1","37.1","37.9","0.6999999999999957","1.88","1005.163"
"2021/05/07","37.45","37.45","36.4","37.2","0.15000000000000568","0.40","941.107"
"2021/05/06","37.3","38","36","37.05","-0.20000000000000284","-0.54","964.526"
"2021/05/05","36.25","38","36","37.25","1.2000000000000028","3.33","1483.781"
"2021/05/04","37.5","37.5","33.5","36.05","-0.9500000000000028","-2.57","2550.613"
"2021/05/03","38.45","39","37","37","-1.5","-3.90","1748.788"
"2021/04/29","38.75","38.8","38.2","38.5","-0.14999999999999858","-0.39","890.099"
"2021/04/28","38.7","38.9","38.05","38.65","0.10000000000000142","0.26","846.675"
"2021/04/27","38","38.7","37.8","38.55","0.5499999999999972","1.45","1519.525"
"2021/04/26","38.35","38.95","37.9","38","-0.3500000000000014","-0.91","1707.918"
"2021/04/23","38.1","38.85","37.5","38.35","0.25","0.66","1747.757"
"2021/04/22","39","39.55","37.3","38.1","-0.6999999999999957","-1.80","4521.676"
"2021/04/21","37.7","38.95","37.5","38.8","1.0999999999999943","2.92","3264.51"
"2021/04/20","37.9","37.9","37.2","37.7","0.10000000000000142","0.27","1496.203"
"2021/04/19","36.9","37.9","36.8","37.6","0.75","2.04","2564.873"
"2021/04/16","36.9","37.2","36.2","36.85","0.45000000000000284","1.24","3053.609"
"2021/04/15","34.85","36.4","34.85","36.4","1.5499999999999972","4.45","3388.335"
"2021/04/14","35.15","35.45","34.05","34.85","-0.25","-0.71","2415.946"
"2021/04/13","34.95","35.35","34.45","35.1","0.25","0.72","2664.406"
"2021/04/12","34.7","35.15","34.55","34.85","0.5","1.46","2080.588"
"2021/04/09","34.3","35","34.2","34.35","0.20000000000000284","0.59","2490.176"
"2021/04/08","33.8","34.2","33.55","34.15","0.6499999999999986","1.94","2163.067"
"2021/04/07","32.45","33.7","32.45","33.5","1.0499999999999972","3.24","2376.58"
"2021/04/06","32.5","32.8","32.4","32.45","0.10000000000000142","0.31","1099.494"
"2021/04/01","32.55","32.6","32","32.35","-0.04999999999999716","-0.15","704.087"
"2021/03/31","31.7","32.75","31.7","32.4","0.75","2.37","2527.523"
"2021/03/30","31.65","31.7","31.4","31.65","0","0.00","364.942"
"2021/03/29","31.85","31.95","31.65","31.65","0","0.00","447.617"
"2021/03/26","31.7","31.75","31.4","31.65","0","0.00","215.387"
"2021/03/25","31.3","31.75","31.25","31.65","0.34999999999999787","1.12","349.165"
"2021/03/24","31.3","31.4","31.25","31.3","0.05000000000000071","0.16","452.468"
"2021/03/23","31.6","31.6","31.2","31.25","-0.3500000000000014","-1.11","534.522"
"2021/03/22","31.7","31.7","31.15","31.6","-0.14999999999999858","-0.47","692.481"
"2021/03/19","31.95","31.95","31.4","31.75","-0.1999999999999993","-0.63","841.5"
"2021/03/18","32","32.1","31.9","31.95","0","0.00","1043.325"
"2021/03/17","31.85","31.95","31.75","31.95","0","0.00","314.312"
"2021/03/16","31.85","32","31.75","31.95","0.09999999999999787","0.31","480.099"
"2021/03/15","31.85","32","31.75","31.85","0","0.00","250.266"
"2021/03/12","32","32","31.75","31.85","0.10000000000000142","0.31","290.87"
"2021/03/11","31.9","32","31.7","31.75","0","0.00","315.98"
"2021/03/10","31.9","32","31.55","31.75","-0.14999999999999858","-0.47","645.651"
"2021/03/09","31.95","32.05","31.65","31.9","0.09999999999999787","0.31","560.244"
"2021/03/08","31.9","32.05","31.7","31.8","-0.09999999999999787","-0.31","333.901"
"2021/03/05","32.1","32.15","31.75","31.9","-0.20000000000000284","-0.62","398.921"
"2021/03/04","32","32.3","31.7","32.1","0.10000000000000142","0.31","981.695"
"2021/03/03","31.8","32.15","31.8","32","0.1999999999999993","0.63","610.452"
"2021/03/02","32.15","32.2","31.8","31.8","-0.24999999999999645","-0.78","829.781"
"2021/02/26","31.95","32.3","31.65","32.05","0","0.00","638.6"
"2021/02/25","31.95","32.3","31.85","32.05","0.24999999999999645","0.79","534.6"
"2021/02/24","32.3","32.45","31.75","31.8","-0.40000000000000213","-1.24","595.378"
"2021/02/23","31.95","32.4","31.9","32.2","0.45000000000000284","1.42","557.652"
"2021/02/22","31.85","32.25","31.7","31.75","0","0.00","560.099"
"2021/02/19","31.75","31.95","31.55","31.75","0","0.00","318.346"
"2021/02/18","31.05","32","31.05","31.75","0.6999999999999993","2.25","616.473"
"2021/02/17","30.4","31.3","30.4","31.05","0.6500000000000021","2.14","504.72"
"2021/02/05","30.55","30.8","30.3","30.4","-0.15000000000000213","-0.49","263.015"
"2021/02/04","30.35","30.7","30.3","30.55","0.10000000000000142","0.33","131.728"
"2021/02/03","30.45","30.85","30.2","30.45","0","0.00","1535.845"
"2021/02/02","29.8","30.55","29.8","30.45","0.6499999999999986","2.18","294.418"
"2021/02/01","29.8","30.05","29.7","29.8","0","0.00","185.756"
"2021/01/29","30","30.45","29.8","29.8","-0.1999999999999993","-0.67","395.495"
"2021/01/28","30.5","30.8","30","30","-0.6000000000000014","-1.96","544.803"
"2021/01/27","30.3","30.75","30.3","30.6","0.3000000000000007","0.99","178.63"
"2021/01/26","30.75","30.8","30.25","30.3","-0.5","-1.62","410.419"
"2021/01/25","30.15","30.9","30.1","30.8","0.6500000000000021","2.16","402.866"
"2021/01/22","30.1","30.25","29.95","30.15","0.1999999999999993","0.67","266.753"
"2021/01/21","30.05","30.35","29.9","29.95","-0.10000000000000142","-0.33","355.814"
"2021/01/20","31","31","29.8","30.05","-1","-3.22","1721.386"
"2021/01/19","31.1","31.3","31.05","31.05","-0.05000000000000071","-0.16","296.268"
"2021/01/18","31.25","31.45","31","31.1","-0.14999999999999858","-0.48","352.824"
"2021/01/15","31.85","32","31.15","31.25","-0.6000000000000014","-1.88","551.139"
"2021/01/14","32.2","32.4","31.65","31.85","-0.3500000000000014","-1.09","600.574"
"2021/01/13","31.7","32.3","31.7","32.2","0.5000000000000036","1.58","730.288"
"2021/01/12","32.15","32.25","31.65","31.7","-0.40000000000000213","-1.25","531.47"
"2021/01/11","31.9","32.2","31.6","32.1","0.20000000000000284","0.63","395.922"
"2021/01/08","32.4","32.4","31.8","31.9","-0.5","-1.54","465.902"
"2021/01/07","31.95","32.4","31.8","32.4","0.8499999999999979","2.69","681.205"
"2021/01/06","32.7","32.7","31.5","31.55","-0.8499999999999979","-2.62","690.503"
"2021/01/05","32.3","32.65","32.3","32.4","0.10000000000000142","0.31","815.842"
"2021/01/04","31.9","32.3","31.75","32.3","0.49999999999999645","1.57","570.377"
"2020/12/31","32","32.2","31.8","31.8","-0.1999999999999993","-0.62","206.503"
"2020/12/30","31.75","32.1","31.75","32","0.25","0.79","394.279"
"2020/12/29","31.9","31.9","31.6","31.75","0.05000000000000071","0.16","264.377"
"2020/12/28","31.5","31.75","31.3","31.7","0.1999999999999993","0.63","301.44"
"2020/12/25","31.25","31.7","31.15","31.5","0.25","0.80","390.671"
"2020/12/24","31.6","31.7","31.2","31.25","0.10000000000000142","0.32","190.503"
"2020/12/23","31.1","31.6","30.8","31.15","0.04999999999999716","0.16","302.741"
"2020/12/22","31.85","32.3","31.1","31.1","-0.75","-2.35","625.057"
"2020/12/21","31.7","31.95","31.3","31.85","0.5500000000000007","1.76","434.987"
"2020/12/18","31.35","31.5","31.25","31.3","-0.05000000000000071","-0.16","339.744"
"2020/12/17","31.5","31.6","31.2","31.35","-0.3999999999999986","-1.26","223.702"
"2020/12/16","31.15","31.8","31.15","31.75","0.6499999999999986","2.09","445.366"
"2020/12/15","31.7","32","30.95","31.1","-0.75","-2.35","867.26"
"2020/12/14","31.6","32.45","31.4","31.85","0.25","0.79","629.771"
"2020/12/11","32.25","32.45","31.15","31.6","-0.6499999999999986","-2.02","974.867"
"2020/12/10","31.5","32.4","31.5","32.25","0.6999999999999993","2.22","1090.444"
"2020/12/09","31.65","31.8","31.1","31.55","-0.3999999999999986","-1.25","1033.637"
"2020/12/08","33.05","33.05","31.65","31.95","-1.5999999999999979","-4.77","3082.815"
"2020/12/07","33.65","33.65","33.2","33.55","0.14999999999999858","0.45","718.73"
"2020/12/04","33.45","33.65","33.05","33.4","-0.05000000000000426","-0.15","666.404"
"2020/12/03","33.85","33.85","33.4","33.45","-0.3999999999999986","-1.18","707.89"
"2020/12/02","34.2","34.7","33.85","33.85","-0.6000000000000014","-1.74","1221.645"
"2020/12/01","34.7","34.8","33.8","34.45","-0.29999999999999716","-0.86","1202.521"
"2020/11/30","34.5","35.2","34.05","34.75","0.3500000000000014","1.02","2641.604"
"2020/11/27","33.3","34.7","33.15","34.4","1.1000000000000014","3.30","1481.496"
"2020/11/26","33.45","33.8","33.1","33.3","-0.25","-0.75","635.664"
"2020/11/25","32.45","33.7","32.4","33.55","1.0499999999999972","3.23","1389.049"
"2020/11/24","33","33.1","32.3","32.5","-0.5499999999999972","-1.66","867.546"
"2020/11/23","33.2","33.4","32.8","33.05","0","0.00","882.15"
"2020/11/20","33.7","33.75","32.8","33.05","-0.8000000000000043","-2.36","1534.432"
"2020/11/19","33.9","33.95","33.65","33.85","-0.04999999999999716","-0.15","257.82"
"2020/11/18","33.9","34.2","33.6","33.9","0","0.00","430.92"
"2020/11/17","33.8","34","33.35","33.9","0.14999999999999858","0.44","704.58"
"2020/11/16","34.1","34.3","33.6","33.75","-0.14999999999999858","-0.44","584.809"
"2020/11/13","33.8","34","32.95","33.9","0.04999999999999716","0.15","843.853"
"2020/11/12","34.8","34.8","33.7","33.85","-0.6999999999999957","-2.03","765.631"
"2020/11/11","34.1","35","34","34.55","0.7999999999999972","2.37","2088.951"
"2020/11/10","33.5","34","33.05","33.75","0.5499999999999972","1.66","1147.573"
"2020/11/09","32.6","33.25","32.6","33.2","1","3.11","940.196"
"2020/11/06","32.95","32.95","32.2","32.2","-0.5","-1.53","1139.985"
"2020/11/05","32.8","33.2","32.3","32.7","0.05000000000000426","0.15","394"
"2020/11/04","33.45","33.5","32.4","32.65","-0.5","-1.51","1558.507"
"2020/11/03","33","33.6","33","33.15","0.6499999999999986","2.00","618.238"
"2020/11/02","33.3","33.45","32.25","32.5","-0.75","-2.26","1421.074"
"2020/10/30","33.95","34.2","33.2","33.25","-0.5499999999999972","-1.63","1199.14"
"2020/10/29","33.9","34.1","33.3","33.8","-0.5500000000000043","-1.60","710.301"
"2020/10/28","34.55","35.7","34.05","34.35","0.25","0.73","4196.544"
"2020/10/27","34.2","34.35","33.6","34.1","-0.19999999999999574","-0.58","1340.684"
"2020/10/26","34.35","34.65","34.25","34.3","0","0.00","1170.589"
"2020/10/23","33.2","34.8","33.2","34.3","1.1999999999999957","3.63","4180.367"
"2020/10/22","34.1","34.1","33.1","33.1","-0.8999999999999986","-2.65","2514.097"
"2020/10/21","34","34.1","33.45","34","-0.29999999999999716","-0.87","1763.718"
"2020/10/20","33.6","34.7","33","34.3","0.5","1.48","2780.664"
"2020/10/19","32.55","33.85","32.5","33.8","1.0999999999999943","3.36","3130.251"
"2020/10/16","32.85","33.15","32.7","32.7","-0.14999999999999858","-0.46","1180.234"
"2020/10/15","32.9","33.2","32.5","32.85","0","0.00","587.44"
"2020/10/14","32.75","33.2","32.6","32.85","-0.14999999999999858","-0.45","1644.037"
"2020/10/13","32.25","33","31.7","33","1","3.13","2065.568"
"2020/10/12","33","33.4","31.9","32","-0.7000000000000028","-2.14","1635.7"
"2020/10/08","32.55","32.85","32.3","32.7","0","0.00","669.948"
"2020/10/07","32.05","33.1","31.8","32.7","0.7000000000000028","2.19","1630.453"
"2020/10/06","31.7","32.1","31.65","32","0.25","0.79","588.102"
"2020/10/05","32","32.2","31.5","31.75","-0.05000000000000071","-0.16","271.1"
"2020/09/30","32.55","32.55","31.3","31.8","0.15000000000000213","0.47","637.254"
"2020/09/29","32","32.85","31.4","31.65","0.25","0.80","1459.769"
"2020/09/28","30.9","31.75","30.6","31.4","1.1999999999999993","3.97","803.919"
"2020/09/25","30.8","31.25","29.75","30.2","-0.3500000000000014","-1.15","1062.626"
"2020/09/24","31.05","31.6","30.2","30.55","-1.4499999999999993","-4.53","1925.607"
"2020/09/23","32.6","33.2","31.9","32","-0.8999999999999986","-2.74","1532.309"
"2020/09/22","32.3","33.6","31.75","32.9","0","0.00","1996.96"
"2020/09/21","34.4","34.4","32.8","32.9","0.25","0.77","3144.606"
"2020/09/18","31.5","32.9","31.5","32.65","1.1499999999999986","3.65","2441.303"
"2020/09/17","30.45","33.2","30.45","31.5","1.1000000000000014","3.62","4691.8"
"2020/09/16","30.05","30.5","30.05","30.4","0.5","1.67","931.89"
"2020/09/15","29.95","30","29.8","29.9","0.25","0.84","409.498"
"2020/09/14","30","30.5","29.45","29.65","-0.3500000000000014","-1.17","806.206"
"2020/09/11","30.3","31.3","29.75","30","-0.3000000000000007","-0.99","982.004"
"2020/09/10","30.55","30.55","30","30.3","-0.25","-0.82","527.388"
"2020/09/09","30","30.65","29.4","30.55","0.5","1.66","1119.827"
"2020/09/08","30","31.4","29.7","30.05","0.05000000000000071","0.17","2059.605"
"2020/09/07","29.1","31.85","29.1","30","0.8999999999999986","3.09","4154.313"
"2020/09/04","27.85","29.2","27.8","29.1","0.7000000000000028","2.46","2198.886"
"2020/09/03","26.9","28.8","26.75","28.4","1.5999999999999979","5.97","2160.603"
"2020/09/02","26.9","27.15","26.75","26.8","0","0.00","415.299"
"2020/09/01","26.85","26.95","26.6","26.8","0","0.00","329.245"
"2020/08/31","27","27","26.7","26.8","0","0.00","222.073"
"2020/08/28","26.6","26.8","26.5","26.8","0.10000000000000142","0.37","431.007"
"2020/08/27","26.6","26.95","26.6","26.7","0.09999999999999787","0.38","189.908"
"2020/08/26","26.65","26.85","26.5","26.6","-0.09999999999999787","-0.37","211.024"
"2020/08/25","26.85","27.05","26.7","26.7","0.05000000000000071","0.19","286.093"
"2020/08/24","26.85","27.15","26.6","26.65","-0.20000000000000284","-0.74","198.35"
"2020/08/21","26.7","27.1","26.7","26.85","0.45000000000000284","1.70","335.519"
"2020/08/20","27.3","27.3","25.7","26.4","-0.75","-2.76","433.538"
"2020/08/19","27.45","27.5","27","27.15","-0.20000000000000284","-0.73","141.8"
"2020/08/18","27.5","27.5","27.05","27.35","-0.14999999999999858","-0.55","200.08"
"2020/08/17","27.1","27.5","27","27.5","0.5","1.85","423.759"
"2020/08/14","26.6","27.25","26.55","27","0.25","0.93","403.025"
"2020/08/13","26.85","26.9","26.65","26.75","-0.05000000000000071","-0.19","125.228"
"2020/08/12","26.7","27","26.5","26.8","-0.75","-2.72","227.117"
"2020/08/11","28","28.1","27.45","27.55","-0.4499999999999993","-1.61","280.97"
"2020/08/10","27.35","28.1","27.35","28","0.6499999999999986","2.38","1362.645"
"2020/08/07","27.55","27.8","27.3","27.35","-0.29999999999999716","-1.08","206.463"
"2020/08/06","27.6","27.65","27.45","27.65","0.29999999999999716","1.10","188.06"
"2020/08/05","27.3","27.6","27.15","27.35","0.3500000000000014","1.30","209.548"
"2020/08/04","26.85","27.05","26.7","27","0.1999999999999993","0.75","260.999"
"2020/08/03","26.7","26.9","26.55","26.8","-0.09999999999999787","-0.37","247.278"
"2020/07/31","27.1","27.1","26.7","26.9","0.09999999999999787","0.37","181.025"
"2020/07/30","27.2","27.3","26.8","26.8","-0.09999999999999787","-0.37","170.276"
"2020/07/29","26.5","27.3","26.4","26.9","0.3999999999999986","1.51","139.35"
"2020/07/28","26.5","27.15","26.5","26.5","-0.3000000000000007","-1.12","279.638"
"2020/07/27","27","27.15","26.7","26.8","-0.25","-0.92","228.262"
"2020/07/24","27.25","27.5","26.9","27.05","-0.25","-0.92","242.5"
"2020/07/23","27.55","27.6","27.3","27.3","-0.14999999999999858","-0.55","130.358"
"2020/07/22","27.25","27.5","27.25","27.45","0.34999999999999787","1.29","153.5"
"2020/07/21","26.8","27.4","26.7","27.1","0.5","1.88","430.301"
"2020/07/20","26.9","26.95","26.55","26.6","-0.25","-0.93","218.125"
"2020/07/17","27.05","27.1","26.75","26.85","-0.14999999999999858","-0.56","258.614"
"2020/07/16","27.15","27.5","26.95","27","-0.14999999999999858","-0.55","254.041"
"2020/07/15","27.45","27.5","26.95","27.15","-0.05000000000000071","-0.18","329.833"
"2020/07/14","27.4","27.7","27.15","27.2","-0.3000000000000007","-1.09","319.452"
"2020/07/13","28.05","28.15","27.3","27.5","-0.75","-2.65","492.584"
"2020/07/10","28.35","28.35","27.75","28.25","-0.05000000000000071","-0.18","392.797"
"2020/07/09","28.15","28.5","28.1","28.3","0.1999999999999993","0.71","487.446"
"2020/07/08","28","28.25","27.9","28.1","0.05000000000000071","0.18","730.688"
"2020/07/07","28.15","28.35","28","28.05","0","0.00","749.378"
"2020/07/06","28.1","28.55","27.85","28.05","0.10000000000000142","0.36","773.464"
"2020/07/03","27.95","28.3","27.75","27.95","0.3000000000000007","1.08","492.464"
"2020/07/02","27.6","27.65","27.5","27.65","0.14999999999999858","0.55","180.536"
"2020/07/01","27.9","27.9","27.5","27.5","-0.25","-0.90","277.42"
"2020/06/30","27.85","27.95","27.7","27.75","-0.10000000000000142","-0.36","93.436"
"2020/06/29","28.25","28.25","27.7","27.85","-0.3999999999999986","-1.42","274.752"
"2020/06/24","28.75","28.9","28.25","28.25","-0.5","-1.74","427.35"
"2020/06/23","29.1","29.4","28.75","28.75","-0.1999999999999993","-0.69","486.477"
"2020/06/22","28.95","30","28.6","28.95","-0.05000000000000071","-0.17","787.443"
"2020/06/19","28.25","29.3","28.25","29","0.8000000000000007","2.84","978.815"
"2020/06/18","27.9","30.55","27.5","28.2","0.3999999999999986","1.44","459.257"
"2020/06/17","27.9","27.9","27.55","27.8","0.10000000000000142","0.36","138.411"
"2020/06/16","27.25","27.7","27.2","27.7","0.5999999999999979","2.21","180.469"
"2020/06/15","26.95","27.5","26.85","27.1","0.20000000000000284","0.74","395.273"
"2020/06/12","26.9","27.1","26.5","26.9","-0.45000000000000284","-1.65","544.7"
"2020/06/11","28.65","28.8","27.35","27.35","-1.5499999999999972","-5.36","1527.032"
"2020/06/10","29","29","28.75","28.9","0","0.00","353.794"
"2020/06/09","28.7","29","28.45","28.9","0.29999999999999716","1.05","377.089"
"2020/06/08","29","29.05","28.55","28.6","-0.25","-0.87","459.2"
"2020/06/05","28.65","29","28.5","28.85","0.20000000000000284","0.70","982.256"
"2020/06/04","28.15","28.95","27.9","28.65","0.5999999999999979","2.14","1225.615"
"2020/06/03","28","28.3","27.85","28.05","0.15000000000000213","0.54","627.166"
"2020/06/02","27.85","28.15","27.6","27.9","0","0.00","414.525"
"2020/06/01","27.85","27.95","27.55","27.9","0.04999999999999716","0.18","385.38"
"2020/05/29","27.6","27.85","27.5","27.85","0.05000000000000071","0.18","397.222"
"2020/05/28","28.3","28.3","27.75","27.8","-0.3000000000000007","-1.07","465.754"
"2020/05/27","28.2","28.3","27.5","28.1","0.05000000000000071","0.18","540.421"
"2020/05/26","28.3","28.5","27.75","28.05","0.10000000000000142","0.36","643.5"
"2020/05/25","28","28.2","26.55","27.95","0.09999999999999787","0.36","489.76"
"2020/05/22","28.05","28.05","27.6","27.85","-0.09999999999999787","-0.36","769.812"
"2020/05/21","28.25","28.55","27.95","27.95","-0.3000000000000007","-1.06","651.906"
"2020/05/20","28.05","28.95","28","28.25","0.1999999999999993","0.71","488.503"
"2020/05/19","28.3","28.5","27.9","28.05","-0.09999999999999787","-0.36","705.374"
"2020/05/18","28.15","28.35","27.75","28.15","0.4499999999999993","1.62","861.056"
"2020/05/15","27.5","27.7","27","27.7","0.5500000000000007","2.03","948.295"
"2020/05/14","27.1","27.65","26.5","27.15","-0.05000000000000071","-0.18","1152.224"
"2020/05/13","26.4","27.45","26.35","27.2","1.6999999999999993","6.67","1825.499"
"2020/05/12","25","25.55","24.95","25.5","0.6000000000000014","2.41","840.384"
"2020/05/11","24.7","25","24.5","24.9","0.5","2.05","382.029"
"2020/05/08","24.5","24.75","24.4","24.4","-0.10000000000000142","-0.41","221.565"
"2020/05/07","24.3","24.65","24.2","24.5","0.1999999999999993","0.82","164.694"
"2020/05/06","24.6","24.6","24.2","24.3","-0.3000000000000007","-1.22","297.573"
"2020/05/05","24.65","24.75","24.5","24.6","0.15000000000000213","0.61","302.38"
"2020/05/04","24.8","24.8","24.3","24.45","-0.8500000000000014","-3.36","618.904"
"2020/04/30","25","25.6","25","25.3","0.40000000000000213","1.61","549.62"
"2020/04/29","24.5","24.95","24.5","24.9","0.6499999999999986","2.68","553.484"
"2020/04/28","24.35","24.6","24.05","24.25","0","0.00","314.1"
"2020/04/27","23.7","24.5","23.65","24.25","0.8999999999999986","3.85","317.651"
"2020/04/24","23.7","23.85","23.15","23.35","-0.34999999999999787","-1.48","167.401"
"2020/04/23","23.55","23.75","23.55","23.7","0.1999999999999993","0.85","90.407"
"2020/04/22","23.15","23.6","23","23.5","0.1999999999999993","0.86","114.149"
"2020/04/21","24.55","24.55","22.9","23.3","-1.3000000000000007","-5.28","461.472"
"2020/04/20","24.55","24.9","24.55","24.6","-0.09999999999999787","-0.40","100.221"
"2020/04/17","25.1","25.4","24.7","24.7","-0.10000000000000142","-0.40","449.15"
"2020/04/16","25.1","25.1","24.7","24.8","-0.5999999999999979","-2.36","504.401"
"2020/04/15","24.55","25.45","24.4","25.4","1.1499999999999986","4.74","821.273"
"2020/04/14","24.2","24.3","24.05","24.25","0.25","1.04","404.037"
"2020/04/13","24.4","24.4","23.8","24","-0.10000000000000142","-0.41","408"
"2020/04/10","23.85","24.35","23.85","24.1","0.25","1.05","213.01"
"2020/04/09","24.25","24.3","23.6","23.85","-0.25","-1.04","429.75"
"2020/04/08","22.2","24.35","22.2","24.1","1.9500000000000028","8.80","707.027"
"2020/04/07","22.2","22.5","22","22.15","0.14999999999999858","0.68","247.64"
"2020/04/06","22.35","22.35","21.75","22","-0.3500000000000014","-1.57","372.725"
"2020/04/01","22.8","22.8","22","22.35","-0.25","-1.11","431.004"
"2020/03/31","22.85","23.05","22.6","22.6","-0.1999999999999993","-0.88","337.02"
"2020/03/30","22.85","23","22.65","22.8","-0.3000000000000007","-1.30","104.59"
"2020/03/27","23.25","23.85","23.1","23.1","-0.04999999999999716","-0.22","260"
"2020/03/26","23","23.3","22.25","23.15","0.25","1.09","328.502"
"2020/03/25","23.35","23.4","22.8","22.9","0.3999999999999986","1.78","470.709"
"2020/03/24","22.3","23.75","22.3","22.5","0.25","1.12","390.833"
"2020/03/23","21.2","22.7","21.2","22.25","-0.5","-2.20","498.552"
"2020/03/20","20.9","22.75","20.9","22.75","2.0500000000000007","9.90","703.169"
"2020/03/19","22.5","23","20.7","20.7","-2.3000000000000007","-10.00","1324.313"
"2020/03/18","23","23.85","22.9","23","-0.4499999999999993","-1.92","535.915"
"2020/03/17","22.15","24.15","22.15","23.45","-0.8500000000000014","-3.50","502.783"
"2020/03/16","24.7","24.8","24.2","24.3","0.10000000000000142","0.41","530.085"
"2020/03/13","25","25.5","23.95","24.2","-2.3000000000000007","-8.68","1355.258"
"2020/03/12","27.5","27.7","26.5","26.5","-1.3500000000000014","-4.85","828.878"
"2020/03/11","27.85","28.4","27.85","27.85","0","0.00","220"
"2020/03/10","26.65","28","26.65","27.85","-0.14999999999999858","-0.54","373.752"
"2020/03/09","28.65","28.85","28","28","-0.9499999999999993","-3.28","517.372"
"2020/03/06","29.2","29.25","28.8","28.95","-0.25","-0.86","109"
"2020/03/05","29.3","29.4","29.15","29.2","-0.10000000000000142","-0.34","164.033"
"2020/03/04","28.7","29.3","28.7","29.3","0.40000000000000213","1.38","339.634"
"2020/03/03","28.6","28.95","28.6","28.9","0.29999999999999716","1.05","223.271"
"2020/03/02","28.55","28.75","28.5","28.6","-0.3999999999999986","-1.38","230.162"
"2020/02/27","28.9","29","28.5","29","0.10000000000000142","0.35","493.096"
"2020/02/26","28.7","29","28.7","28.9","0","0.00","172.465"
"2020/02/25","28.65","28.95","28.55","28.9","0.14999999999999858","0.52","173.078"
"2020/02/24","28.9","28.95","28.75","28.75","-0.14999999999999858","-0.52","262.655"
"2020/02/21","29.2","29.25","28.9","28.9","-0.3000000000000007","-1.03","202.326"
"2020/02/20","29.2","29.4","29","29.2","0.05000000000000071","0.17","193.742"
"2020/02/19","28.8","29.15","28.65","29.15","0.29999999999999716","1.04","383.24"
"2020/02/18","28.95","28.95","28.75","28.85","-0.04999999999999716","-0.17","163.99"
"2020/02/17","28.9","29.15","28.8","28.9","0.04999999999999716","0.17","220.517"
"2020/02/14","28.85","28.95","28.8","28.85","0","0.00","227.074"
"2020/02/13","28.9","29.2","28.8","28.85","-0.04999999999999716","-0.17","277.683"
"2020/02/12","28.9","29","28.8","28.9","0","0.00","100.233"
"2020/02/11","29","29","28.5","28.9","0.09999999999999787","0.35","268.733"
"2020/02/10","29.2","29.2","28.7","28.8","-0.3999999999999986","-1.37","248.359"
"2020/02/07","29.9","29.9","29.1","29.2","-0.5","-1.68","416.613"
"2020/02/06","29.55","30","29.55","29.7","0.14999999999999858","0.51","284.545"
"2020/02/05","29.9","29.9","29.55","29.55","-0.14999999999999858","-0.51","338.124"
"2020/02/04","29.6","30.1","29.6","29.7","0.09999999999999787","0.34","142.112"
"2020/02/03","29.5","30","28.75","29.6","-0.5499999999999972","-1.82","724.201"
"2020/01/31","29.8","30.15","29.8","30.15","0.34999999999999787","1.17","285.208"
"2020/01/30","29.9","30","29.6","29.8","-1.0999999999999979","-3.56","612.27"
"2020/01/20","30.6","30.9","30.6","30.9","0.29999999999999716","0.98","181.096"
"2020/01/17","30.4","30.6","30.3","30.6","0.20000000000000284","0.66","176.051"
"2020/01/16","30.2","30.4","30.2","30.4","0.1999999999999993","0.66","110.96"
"2020/01/15","30.3","30.35","30.15","30.2","0","0.00","87.7"
"2020/01/14","30.3","30.45","30.15","30.2","0.05000000000000071","0.17","147.801"
"2020/01/13","30","30.25","30","30.15","0.14999999999999858","0.50","177.21"
"2020/01/10","29.95","30.35","29.95","30","0.05000000000000071","0.17","396.097"
"2020/01/09","30","30.35","29.95","29.95","-0.05000000000000071","-0.17","243.022"
"2020/01/08","30.4","30.4","29.85","30","-0.5","-1.64","631.404"
"2020/01/07","30.6","30.75","30.45","30.5","-0.10000000000000142","-0.33","286.849"
"2020/01/06","30.9","30.9","30.6","30.6","-0.34999999999999787","-1.13","231.942"
"2020/01/03","31.15","31.15","30.8","30.95","-0.3500000000000014","-1.12","241.169"
"2020/01/02","31.35","31.35","31","31.3","-0.05000000000000071","-0.16","246.707"
"2019/12/31","31.25","31.35","31.2","31.35","0.10000000000000142","0.32","112.624"
"2019/12/30","31.3","31.45","31.2","31.25","0","0.00","85.293"
"2019/12/27","30.4","31.25","30.4","31.25","0","0.00","420.6"
"2019/12/26","31.2","31.3","31.15","31.25","-0.10000000000000142","-0.32","119.185"
"2019/12/25","31.05","31.35","31.05","31.35","0","0.00","110.933"
"2019/12/24","31.35","31.4","31.2","31.35","0","0.00","109.411"
"2019/12/23","30.75","31.35","30.7","31.35","0.6500000000000021","2.12","206.877"
"2019/12/20","30.95","31.2","30.7","30.7","-0.40000000000000213","-1.29","188.918"
"2019/12/19","31.1","31.1","30.95","31.1","0.15000000000000213","0.48","98.06"
"2019/12/18","31","31.1","30.9","30.95","0","0.00","227.244"
"2019/12/17","31.25","31.25","30.85","30.95","-0.05000000000000071","-0.16","176.404"
"2019/12/16","30.8","31.2","30.8","31","0.10000000000000142","0.32","223.72"
"2019/12/13","30.8","30.95","30.65","30.9","0.14999999999999858","0.49","293.515"
"2019/12/12","30.9","30.9","30.6","30.75","-0.10000000000000142","-0.32","254.831"
"2019/12/11","30.65","30.9","30.65","30.85","0.10000000000000142","0.33","244.644"
"2019/12/10","30.7","30.9","30.55","30.75","-0.05000000000000071","-0.16","180.024"
"2019/12/09","31","31","30.8","30.8","0","0.00","186.317"
"2019/12/06","30.8","31.1","30.7","30.8","0","0.00","103.343"
"2019/12/05","31.2","31.2","30.75","30.8","-0.3000000000000007","-0.96","294.875"
"2019/12/04","30.95","31.1","30.9","31.1","0.15000000000000213","0.48","173.269"
"2019/12/03","31.25","31.25","30.9","30.95","-0.1999999999999993","-0.64","77.061"
"2019/12/02","31.35","31.35","30.9","31.15","0.09999999999999787","0.32","56.16"
"2019/11/29","31.3","31.4","31","31.05","-0.09999999999999787","-0.32","111.95"
"2019/11/28","31.3","31.35","31.15","31.15","-0.15000000000000213","-0.48","50.472"
"2019/11/27","31.5","31.6","31.3","31.3","-0.3999999999999986","-1.26","178.714"
"2019/11/26","30.9","31.7","30.9","31.7","0.8000000000000007","2.59","274.068"
"2019/11/25","30.8","31.3","30.8","30.9","-0.10000000000000142","-0.32","141.71"
"2019/11/22","31.15","31.45","31","31","-0.3000000000000007","-0.96","132.146"
"2019/11/21","30.9","31.3","30.9","31.3","0.15000000000000213","0.48","253.484"
"2019/11/20","31","31.15","30.65","31.15","0.14999999999999858","0.48","110.308"
"2019/11/19","30.95","31","30.75","31","0.3000000000000007","0.98","88.504"
"2019/11/18","30.55","30.9","30.55","30.7","0.05000000000000071","0.16","160.145"
"2019/11/15","30.9","30.9","30.35","30.65","-0.45000000000000284","-1.45","746.204"
"2019/11/14","31.05","31.35","30.9","31.1","-0.14999999999999858","-0.48","292.944"
"2019/11/13","31.35","31.45","31.25","31.25","-0.10000000000000142","-0.32","135.02"
"2019/11/12","31.4","31.45","31.3","31.35","-0.09999999999999787","-0.32","138.978"
"2019/11/11","31.9","32","31.3","31.45","-0.5500000000000007","-1.72","222.503"
"2019/11/08","32.2","32.35","31.95","32","-0.10000000000000142","-0.31","248.003"
"2019/11/07","32.1","32.3","32","32.1","0.10000000000000142","0.31","253.469"
"2019/11/06","32.55","32.55","31.85","32","-0.5499999999999972","-1.69","352.604"
"2019/11/05","31.5","32.85","31.5","32.55","1.0499999999999972","3.33","869.146"
"2019/11/04","31.45","31.55","31.35","31.5","0.10000000000000142","0.32","408.558"
"2019/11/01","31.5","31.55","31.35","31.4","-0.10000000000000142","-0.32","139.724"
"2019/10/31","31.25","31.5","31.25","31.5","0.10000000000000142","0.32","305.218"
"2019/10/30","31","31.4","31","31.4","0.25","0.80","234.354"
"2019/10/29","31.15","31.3","31.15","31.15","0","0.00","150.7"
"2019/10/28","31.1","31.25","31","31.15","0","0.00","273.3"
"2019/10/25","31.05","31.15","31","31.15","0.04999999999999716","0.16","108.2"
"2019/10/24","30.95","31.2","30.85","31.1","0.05000000000000071","0.16","244.3"
"2019/10/23","31.1","31.3","30.85","31.05","-0.05000000000000071","-0.16","263.944"
"2019/10/22","31.45","31.45","31.1","31.1","-0.25","-0.80","117.29"
"2019/10/21","30.9","31.4","30.9","31.35","0.45000000000000284","1.46","235.906"
"2019/10/18","31.6","31.6","30.9","30.9","-0.7000000000000028","-2.22","635.357"
"2019/10/17","31.1","31.65","31.05","31.6","0.5","1.61","505.7"
"2019/10/16","30.95","31.1","30.85","31.1","0.05000000000000071","0.16","214.829"
"2019/10/15","31.2","31.25","30.8","31.05","0.05000000000000071","0.16","272.225"
"2019/10/14","30.8","31.2","30.8","31","0.4499999999999993","1.47","679.065"
"2019/10/09","30.75","30.8","30.5","30.55","-0.1999999999999993","-0.65","265.699"
"2019/10/08","30.5","30.95","30.5","30.75","0.10000000000000142","0.33","218.34"
"2019/10/07","30.5","30.7","30.45","30.65","0.25","0.82","116.821"
"2019/10/04","30.35","30.45","30.25","30.4","0.09999999999999787","0.33","190.167"
"2019/10/03","30.3","30.45","30.15","30.3","-0.14999999999999858","-0.49","122.025"
"2019/10/02","30.45","30.5","30.15","30.45","-0.05000000000000071","-0.16","301.17"
"2019/10/01","30.6","30.65","30.2","30.5","0.05000000000000071","0.16","374.094"
"2019/09/27","31.3","31.3","30.35","30.45","-0.8000000000000007","-2.56","636.476"
"2019/09/26","31.3","31.65","31","31.25","-0.25","-0.79","383.708"
"2019/09/25","31.5","31.6","31.4","31.5","0","0.00","266.32"
"2019/09/24","31.65","31.8","31.45","31.5","-0.25","-0.79","187.08"
"2019/09/23","31.1","31.8","31.1","31.75","0.6499999999999986","2.09","592.001"
"2019/09/20","30.7","31.1","30.55","31.1","0.3000000000000007","0.97","164.736"
"2019/09/19","31.1","31.15","30.65","30.8","-0.14999999999999858","-0.48","219.485"
"2019/09/18","30.7","31.15","30.6","30.95","0.25","0.81","274.255"
"2019/09/17","30.9","30.9","30.55","30.7","-0.1999999999999993","-0.65","189"
"2019/09/16","30.85","31.2","30.8","30.9","0.14999999999999858","0.49","279.792"
"2019/09/12","30.8","30.85","30.5","30.75","0.3000000000000007","0.99","204.5"
"2019/09/11","30.5","30.7","30.4","30.45","-0.25","-0.81","199.15"
"2019/09/10","30.45","30.75","30.45","30.7","0.1999999999999993","0.66","219.653"
"2019/09/09","30.4","30.7","30.35","30.5","0.14999999999999858","0.49","199.236"
"2019/09/06","30.8","30.8","30.35","30.35","-0.09999999999999787","-0.33","312.008"
"2019/09/05","30.85","30.85","30.45","30.45","0","0.00","328.93"
"2019/09/04","30.7","30.75","30.4","30.45","-0.4499999999999993","-1.46","443.492"
"2019/09/03","31.1","31.1","30.5","30.9","0","0.00","312.101"
"2019/09/02","30.4","30.95","30.3","30.9","0.5999999999999979","1.98","232.864"
"2019/08/30","30.1","30.35","30.05","30.3","0.25","0.83","337.243"
"2019/08/29","30.15","30.35","30.05","30.05","0","0.00","366.2"
"2019/08/28","30.25","30.3","30.05","30.05","-0.14999999999999858","-0.50","376.385"
"2019/08/27","30.35","30.4","30.2","30.2","-0.10000000000000142","-0.33","279.604"
"2019/08/26","30.5","30.5","30.2","30.3","-0.3999999999999986","-1.30","273.205"
"2019/08/23","30.9","31.05","30.7","30.7","-0.1999999999999993","-0.65","279.335"
"2019/08/22","31.2","31.2","30.7","30.9","-0.05000000000000071","-0.16","274.116"
"2019/08/21","31.35","31.35","30.9","30.95","-0.3500000000000014","-1.12","292.619"
"2019/08/20","30.7","31.35","30.55","31.3","0.5500000000000007","1.79","435.138"
"2019/08/19","32","32.65","30.4","30.75","-1.3999999999999986","-4.35","1058.893"
"2019/08/16","32.45","32.45","32.15","32.15","0.10000000000000142","0.31","163.08"
"2019/08/15","32","32.45","31.55","32.05","-0.45000000000000284","-1.38","347.236"
"2019/08/14","32.45","32.65","32.45","32.5","0.10000000000000142","0.31","202.712"
"2019/08/13","32.7","32.7","32.35","32.4","-0.3999999999999986","-1.22","232.381"
"2019/08/12","32.95","33.05","32.7","32.8","-0.30000000000000426","-0.91","249.946"
"2019/08/08","32.55","33.2","32.55","33.1","0.6000000000000014","1.85","245.355"
"2019/08/07","32.4","32.8","32.4","32.5","0.04999999999999716","0.15","184.985"
"2019/08/06","32.7","32.7","32.1","32.45","-0.04999999999999716","-0.15","584.366"
"2019/08/05","31.95","32.55","31.95","32.5","0.6000000000000014","1.88","414.892"
"2019/08/02","31.9","32.2","31.8","31.9","-0.14999999999999858","-0.47","492.925"
"2019/08/01","32.3","32.4","32.05","32.05","-0.45000000000000284","-1.38","503.609"
"2019/07/31","32.75","32.8","32.5","32.5","-0.3500000000000014","-1.07","350.124"
"2019/07/30","32.75","32.9","32.65","32.85","0.14999999999999858","0.46","577.586"
"2019/07/29","32.9","32.9","32.7","32.7","-0.19999999999999574","-0.61","523.155"
"2019/07/26","33.1","33.1","32.9","32.9","-0.14999999999999858","-0.45","166.977"
"2019/07/25","33.1","33.2","32.65","33.05","0","0.00","315.934"
"2019/07/24","33.15","33.4","33","33.05","-0.20000000000000284","-0.60","452.59"
"2019/07/23","33.4","33.4","33","33.25","0.04999999999999716","0.15","577.373"
"2019/07/22","33.1","33.4","33.1","33.2","-0.04999999999999716","-0.15","326.2"
"2019/07/19","33.2","33.45","33.1","33.25","0.10000000000000142","0.30","389.8"
"2019/07/18","33.25","33.35","33.1","33.15","0.04999999999999716","0.15","337.504"
"2019/07/17","33.3","33.35","33.1","33.1","-0.19999999999999574","-0.60","764.51"
"2019/07/16","33.8","33.8","33.05","33.3","-3.1000000000000014","-8.52","1860.337"
"2019/07/15","36.1","36.5","36.05","36.4","0.3999999999999986","1.11","2588.099"
"2019/07/12","36.05","36.35","35.95","36","0","0.00","1296.846"
"2019/07/11","36.3","36.45","35.95","36","-0.20000000000000284","-0.55","984.238"
"2019/07/10","36.1","36.4","36.1","36.2","0.25","0.70","957.438"
"2019/07/09","36","36.15","35.9","35.95","0","0.00","280.73"
"2019/07/08","36.15","36.2","35.95","35.95","-0.14999999999999858","-0.42","457.24"
"2019/07/05","36.15","36.4","36.05","36.1","-0.04999999999999716","-0.14","415.055"
"2019/07/04","36.05","36.3","36","36.15","0.19999999999999574","0.56","334.247"
"2019/07/03","36.45","36.45","35.9","35.95","-0.44999999999999574","-1.24","549.19"
"2019/07/02","36.55","36.55","36.1","36.4","-0.10000000000000142","-0.27","725.378"
"2019/07/01","36","36.5","36","36.5","0.5499999999999972","1.53","311.905"
"2019/06/28","36.4","36.4","35.7","35.95","-0.3999999999999986","-1.10","618.478"
"2019/06/27","36.35","36.6","36.2","36.35","-0.14999999999999858","-0.41","379.605"
"2019/06/26","36.1","36.5","36.05","36.5","0.45000000000000284","1.25","325.405"
"2019/06/25","36.35","36.35","36.05","36.05","-0.25","-0.69","320.773"
"2019/06/24","35.5","36.3","35.35","36.3","0.9499999999999957","2.69","706.525"
"2019/06/21","35.4","35.5","35.2","35.35","0.05000000000000426","0.14","576.548"
"2019/06/20","34.85","35.35","34.85","35.3","0.3499999999999943","1.00","288.807"
"2019/06/19","34.95","35.25","34.75","34.95","0.15000000000000568","0.43","493.326"
"2019/06/18","34.8","34.9","34.75","34.8","0","0.00","301.489"
"2019/06/17","34.8","35.1","34.8","34.8","0","0.00","184.481"
"2019/06/14","34.8","35.35","34.8","34.8","-0.05000000000000426","-0.14","273.1"
"2019/06/13","34.75","35","34.75","34.85","0","0.00","136.338"
"2019/06/12","35","35","34.75","34.85","-0.14999999999999858","-0.43","194.01"
"2019/06/11","35.05","35.2","34.95","35","0","0.00","165.544"
"2019/06/10","34.7","35.25","34.7","35","0.29999999999999716","0.86","211.108"
"2019/06/06","34.75","35","34.7","34.7","-0.04999999999999716","-0.14","149.322"
"2019/06/05","35.1","35.15","34.75","34.75","-0.25","-0.71","246.945"
"2019/06/04","34.65","35","34.65","35","0.10000000000000142","0.29","283.995"
"2019/06/03","35.05","35.1","34.6","34.9","-0.45000000000000284","-1.27","283.312"
"2019/05/31","35.3","35.5","35.2","35.35","0.10000000000000142","0.28","289.421"
"2019/05/30","35.6","35.7","35.2","35.25","-0.29999999999999716","-0.84","217.9"
"2019/05/29","35","35.6","34.85","35.55","0.44999999999999574","1.28","251.999"
"2019/05/28","35.05","35.5","35.05","35.1","0.10000000000000142","0.29","551.15"
"2019/05/27","34.55","35.15","34.5","35","0.3500000000000014","1.01","287.177"
"2019/05/24","34.55","34.95","34.3","34.65","0","0.00","170.808"
"2019/05/23","34.8","34.8","34.5","34.65","-0.14999999999999858","-0.43","167.2"
"2019/05/22","35","35","34.75","34.8","0.04999999999999716","0.14","247"
"2019/05/21","33.65","35","33.65","34.75","0.9500000000000028","2.81","919.674"
"2019/05/20","34.5","34.55","33.8","33.8","-0.8000000000000043","-2.31","927.263"
"2019/05/17","35.15","35.3","34.6","34.6","-0.3999999999999986","-1.14","694.551"
"2019/05/16","35.1","35.4","35","35","-0.6000000000000014","-1.69","1314.949"
"2019/05/15","35.9","35.95","35.6","35.6","-0.14999999999999858","-0.42","599.677"
"2019/05/14","36","36","35.6","35.75","-0.5","-1.38","687.126"
"2019/05/13","36.8","36.85","36.1","36.25","-0.7000000000000028","-1.89","981.02"
"2019/05/10","37.1","37.35","36.95","36.95","-0.14999999999999858","-0.40","775.346"
"2019/05/09","37.35","37.6","37.05","37.1","-0.3500000000000014","-0.93","718.454"
"2019/05/08","37","37.6","36.9","37.45","0.4000000000000057","1.08","310.124"
"2019/05/07","37.35","37.35","37.05","37.05","-0.10000000000000142","-0.27","671.292"
"2019/05/06","37.6","37.65","37.05","37.15","-0.5","-1.33","833.856"
"2019/05/03","37.6","37.8","37.5","37.65","0.10000000000000142","0.27","594.529"
"2019/05/02","37.6","37.6","37.4","37.55","0","0.00","378.055"
"2019/04/30","36.9","37.55","36.9","37.55","0.6999999999999957","1.90","419.3"
"2019/04/29","37.2","37.4","36.85","36.85","-0.19999999999999574","-0.54","844.421"
"2019/04/26","37.2","37.3","36.95","37.05","-0.05000000000000426","-0.13","701.688"
"2019/04/25","37.2","37.3","37.05","37.1","-0.10000000000000142","-0.27","1114.327"
"2019/04/24","37.5","37.65","37.2","37.2","-0.19999999999999574","-0.53","1470.157"
"2019/04/23","37.75","37.8","37.4","37.4","-0.05000000000000426","-0.13","1181.597"
"2019/04/22","37.55","37.75","37.45","37.45","0","0.00","933.22"
"2019/04/19","37.6","37.65","37.4","37.45","-0.04999999999999716","-0.13","489.648"
"2019/04/18","37.9","38","37.45","37.5","-0.29999999999999716","-0.79","744.101"
"2019/04/17","37.8","37.85","37.65","37.8","0.14999999999999858","0.40","802.1"
"2019/04/16","37.8","37.85","37.55","37.65","-0.14999999999999858","-0.40","658.438"
"2019/04/15","38.25","38.25","37.75","37.8","0.09999999999999432","0.27","427"
"2019/04/12","37.85","37.9","37.6","37.7","-0.19999999999999574","-0.53","817.661"
"2019/04/11","38.1","38.2","37.85","37.9","-0.10000000000000142","-0.26","551.2"
"2019/04/10","38.5","38.65","37.95","38","-0.20000000000000284","-0.52","905.98"
"2019/04/09","37.95","38.3","37.65","38.2","0.25","0.66","824.55"
"2019/04/08","38.2","38.4","37.6","37.95","-0.25","-0.65","716.889"
"2019/04/03","38.2","38.45","38.1","38.2","0.05000000000000426","0.13","502.517"
"2019/04/02","38.1","38.5","38","38.15","0.19999999999999574","0.53","814.942"
"2019/04/01","37.95","38.5","37.65","37.95","0.5500000000000043","1.47","1410.579"
"2019/03/29","38.95","38.95","36.9","37.4","-1.8999999999999986","-4.83","4624.99"
"2019/03/28","40","40.15","39.25","39.3","-0.5500000000000043","-1.38","1512.72"
"2019/03/27","38.95","39.85","38.85","39.85","1","2.57","1340.088"
"2019/03/26","39","39.4","38.85","38.85","-0.14999999999999858","-0.38","502.068"
"2019/03/25","38.75","39.1","38.65","39","-0.29999999999999716","-0.76","741.413"
"2019/03/22","39.9","40","39.15","39.3","-0.5","-1.26","1363.209"
"2019/03/21","40.15","40.6","39.8","39.8","-0.3500000000000014","-0.87","1690.503"
"2019/03/20","39.7","40.45","39.2","40.15","0.3999999999999986","1.01","2899.97"
"2019/03/19","39.3","39.8","39.15","39.75","0.75","1.92","2368.65"
"2019/03/18","39.5","39.65","38.8","39","-0.29999999999999716","-0.76","1139.108"
"2019/03/15","38.5","39.35","38.5","39.3","0.5999999999999943","1.55","1544.665"
"2019/03/14","38.95","39.1","38.6","38.7","-0.29999999999999716","-0.77","612.62"
"2019/03/13","39","39","38.7","39","0","0.00","399.309"
"2019/03/12","39.5","39.5","38.75","39","-0.14999999999999858","-0.38","1484.612"
"2019/03/11","38.2","39.4","38.15","39.15","1.0499999999999972","2.76","2487.039"
"2019/03/08","38.2","38.2","37.7","38.1","-0.04999999999999716","-0.13","480.287"
"2019/03/07","38.1","38.2","37.65","38.15","0.04999999999999716","0.13","801.841"
"2019/03/06","38.65","38.65","38.1","38.1","-0.44999999999999574","-1.17","559.751"
"2019/03/05","38.75","38.8","38.5","38.55","-0.10000000000000142","-0.26","658.045"
"2019/03/04","37.9","38.7","37.8","38.65","0.75","1.98","1257.319"
"2019/02/27","38.3","38.3","37.8","37.9","-0.25","-0.66","566.73"
"2019/02/26","38.65","39","38.15","38.15","-0.30000000000000426","-0.78","1156.06"
"2019/02/25","38","38.65","37.8","38.45","0.5","1.32","1042.424"
"2019/02/22","38","38","37.6","37.95","0","0.00","607.484"
"2019/02/21","37.9","38.05","37.8","37.95","0.05000000000000426","0.13","571.899"
"2019/02/20","38.2","38.5","37.65","37.9","-0.10000000000000142","-0.26","1443.562"
"2019/02/19","37.1","38","36.9","38","0.8999999999999986","2.43","1190.805"
"2019/02/18","37.2","37.5","37.1","37.1","-0.10000000000000142","-0.27","543.838"
"2019/02/15","37.4","37.7","37.1","37.2","-0.75","-1.98","988.009"
"2019/02/14","37.75","38.2","37.6","37.95","0.20000000000000284","0.53","554.398"
"2019/02/13","38.1","38.35","37.6","37.75","-0.29999999999999716","-0.79","910.753"
"2019/02/12","37.75","38.5","37.5","38.05","0.25","0.66","1074.252"
"2019/02/11","38.2","38.2","37.6","37.8","-0.15000000000000568","-0.40","588.48"
"2019/01/30","38","38.2","37.75","37.95","0","0.00","560.62"
"2019/01/29","37.8","38","37.7","37.95","-0.29999999999999716","-0.78","557.973"
"2019/01/28","38.4","38.5","37.75","38.25","0.10000000000000142","0.26","1017.598"
"2019/01/25","38","38.4","37.95","38.15","0.3999999999999986","1.06","794.936"
"2019/01/24","37.65","37.85","37.6","37.75","0.25","0.67","782.107"
"2019/01/23","36.8","37.8","36.8","37.5","0.45000000000000284","1.21","616.324"
"2019/01/22","37.6","37.7","36.8","37.05","-0.5","-1.33","1618.297"
"2019/01/21","38.2","38.25","37.5","37.55","-0.5500000000000043","-1.44","1455.764"
"2019/01/18","38.45","38.45","38.1","38.1","-0.25","-0.65","451.612"
"2019/01/17","38.3","38.65","38.1","38.35","0","0.00","809.747"
"2019/01/16","39","39","38.2","38.35","-0.75","-1.92","1521.862"
"2019/01/15","39.8","39.8","39.05","39.1","-0.3999999999999986","-1.01","1146.77"
"2019/01/14","39.6","39.7","39.15","39.5","0.25","0.64","981.823"
"2019/01/11","39.75","40.7","39","39.25","-0.75","-1.88","4995.126"
"2019/01/10","38.7","40.4","38.55","40","1.2999999999999972","3.36","4786.523"
"2019/01/09","38.45","38.7","38.1","38.7","0.6000000000000014","1.57","1020.107"
"2019/01/08","38.4","38.55","37.95","38.1","-0.3999999999999986","-1.04","742.066"
"2019/01/07","38.5","38.6","37.85","38.5","0.3500000000000014","0.92","1341.9"
"2019/01/04","38.4","38.45","37.8","38.15","-0.30000000000000426","-0.78","1090.435"
"2019/01/03","38.1","38.7","37.7","38.45","0.3500000000000014","0.92","1461.373"
"2019/01/02","39.45","39.45","37.9","38.1","-0.6499999999999986","-1.68","1519.238"
"2018/12/28","38.3","38.75","38.1","38.75","0.5","1.31","1439.498"
"2018/12/27","38.55","39.25","38.25","38.25","0.14999999999999858","0.39","1796.511"
"2018/12/26","38.8","38.85","37.85","38.1","-0.5","-1.30","1595.391"
"2018/12/25","38.4","38.75","38","38.6","-0.29999999999999716","-0.77","1869.072"
"2018/12/24","38.7","39.5","38.25","38.9","0.6499999999999986","1.70","3891.44"
"2018/12/22","38","38.4","37.1","38.25","0.04999999999999716","0.13","1255.163"
"2018/12/21","38.15","38.2","37.3","38.2","-0.09999999999999432","-0.26","2464.805"
"2018/12/20","38.2","38.9","37.3","38.3","0.5","1.32","6815.583"
"2018/12/19","36.15","37.8","36.15","37.8","1.6499999999999986","4.56","5518.221"
"2018/12/18","36.2","36.65","35.7","36.15","0.44999999999999574","1.26","2761.412"
"2018/12/17","35.1","36.65","35.05","35.7","0.8000000000000043","2.29","5157.168"
"2018/12/14","34.2","34.95","34.1","34.9","0.3999999999999986","1.16","1382.64"
"2018/12/13","34.1","34.95","34","34.5","0.7000000000000028","2.07","3306.644"
"2018/12/12","34.15","34.35","33.7","33.8","-0.3500000000000014","-1.02","814.277"
"2018/12/11","34.4","34.8","33.9","34.15","0.04999999999999716","0.15","1536.566"
"2018/12/10","33.7","34.15","33.4","34.1","0.3500000000000014","1.04","1094.7"
"2018/12/07","33.95","34.4","33.25","33.75","0.10000000000000142","0.30","1268.038"
"2018/12/06","33.6","34.05","32.65","33.65","0.25","0.75","2454.757"
"2018/12/05","32.5","33.4","32.3","33.4","0.5499999999999972","1.67","1529.524"
"2018/12/04","32.3","32.85","32.2","32.85","0.5500000000000043","1.70","1001.228"
"2018/12/03","32.15","32.7","32","32.3","1.2499999999999964","4.03","1540.29"
"2018/11/30","32.4","33","31.05","31.05","-0.9499999999999993","-2.97","2767.418"
"2018/11/29","32.15","32.2","31.85","32","0.05000000000000071","0.16","1068.749"
"2018/11/28","31.25","32.25","31.1","31.95","0.9499999999999993","3.06","1973.863"
"2018/11/27","31.25","31.25","30.65","31","0.10000000000000142","0.32","903.261"
"2018/11/26","30.3","31","30.3","30.9","0.25","0.82","320.13"
"2018/11/23","31","31.1","30.6","30.65","-0.15000000000000213","-0.49","481.23"
"2018/11/22","30.8","31","30.65","30.8","0","0.00","341.457"
"2018/11/21","30.6","30.8","30.35","30.8","-0.1999999999999993","-0.65","257.278"
"2018/11/20","31.2","31.25","30.85","31","-0.1999999999999993","-0.64","411.924"
"2018/11/19","31.4","31.4","30.95","31.2","0.1999999999999993","0.65","271.456"
"2018/11/16","31.1","31.3","30.8","31","0.3000000000000007","0.98","550.3"
"2018/11/15","31.2","31.5","30.65","30.7","0","0.00","990.35"
"2018/11/14","30.7","31.05","30.45","30.7","0.25","0.82","394.192"
"2018/11/13","29.95","30.55","29.7","30.45","0.09999999999999787","0.33","381.111"
"2018/11/12","30.2","30.5","30","30.35","-0.34999999999999787","-1.14","555.125"
"2018/11/09","31.15","31.15","30.7","30.7","-0.5500000000000007","-1.76","236.02"
"2018/11/08","30.95","31.6","30.8","31.25","0.6000000000000014","1.96","736"
"2018/11/07","30.6","30.85","30.4","30.65","0.25","0.82","231.08"
"2018/11/06","30.8","30.8","30.2","30.4","-0.40000000000000213","-1.30","274.03"
"2018/11/05","30.25","30.8","29.8","30.8","1.0500000000000007","3.53","323.06"
"2018/11/02","30.1","30.4","29.75","29.75","-0.3000000000000007","-1.00","724"
"2018/11/01","30.1","30.35","30","30.05","-0.05000000000000071","-0.17","346.001"
"2018/10/31","30.2","30.5","30.1","30.1","0.10000000000000142","0.33","491.328"
"2018/10/30","29.6","30.05","29.55","30","0.3000000000000007","1.01","380.1"
"2018/10/29","30.05","30.1","29.55","29.7","-0.5500000000000007","-1.82","809.688"
"2018/10/26","30.4","31","30","30.25","-0.10000000000000142","-0.33","863.43"
"2018/10/25","30.55","30.75","29.85","30.35","-1.1499999999999986","-3.65","1169.502"
"2018/10/24","31.85","32.15","31.5","31.5","-0.3999999999999986","-1.25","1195.476"
"2018/10/23","32.9","32.95","31.8","31.9","-1.1000000000000014","-3.33","1918.5"
"2018/10/22","33.8","34.3","32.8","33","-0.20000000000000284","-0.60","3923.011"
"2018/10/19","32.45","33.3","32","33.2","0.5500000000000043","1.68","3395.738"
"2018/10/18","31.8","32.65","31.6","32.65","1.0999999999999979","3.49","1533.942"
"2018/10/17","32.1","32.5","31.5","31.55","-0.05000000000000071","-0.16","925.16"
"2018/10/16","31.8","33.15","31.15","31.6","0","0.00","3724.324"
"2018/10/15","31.05","31.9","31.05","31.6","0.6000000000000014","1.94","1136.133"
"2018/10/12","29.75","31","29.75","31","1","3.33","668.5"
"2018/10/11","30.65","30.65","28.45","30","-0.8500000000000014","-2.76","1021.967"
"2018/10/09","31","31","30.7","30.85","-0.09999999999999787","-0.32","373.5"
"2018/10/08","31.1","31.55","30.8","30.95","-0.15000000000000213","-0.48","536.158"
"2018/10/05","31.6","31.6","30.7","31.1","-0.29999999999999716","-0.96","450.158"
"2018/10/04","30.9","31.45","30.9","31.4","0.5","1.62","397.294"
"2018/10/03","31.05","31.25","30.8","30.9","-0.15000000000000213","-0.48","321.146"
"2018/10/02","31","31.2","30.9","31.05","0.15000000000000213","0.49","258.289"
"2018/10/01","31","31.1","30.85","30.9","0","0.00","122.2"
"2018/09/28","30.95","31.1","30.85","30.9","0.04999999999999716","0.16","356.33"
"2018/09/27","30.8","31.15","30.6","30.85","0.05000000000000071","0.16","430.835"
"2018/09/26","30.9","31.4","30.8","30.8","-0.09999999999999787","-0.32","448.74"
"2018/09/25","30.95","31.25","30.8","30.9","0","0.00","346.873"
"2018/09/21","31.2","31.45","30.9","30.9","-0.20000000000000284","-0.64","600.23"
"2018/09/20","31.9","31.95","31","31.1","-0.7999999999999972","-2.51","978"
"2018/09/19","31.65","32.2","31.6","31.9","0.3999999999999986","1.27","1123.6"
"2018/09/18","31.9","32.05","31.45","31.5","-0.5","-1.56","1808.984"
"2018/09/17","31.05","32","31","32","0.9499999999999993","3.06","1476.426"
"2018/09/14","31.1","31.6","30.95","31.05","0.10000000000000142","0.32","357.82"
"2018/09/13","30.75","31.65","30.7","30.95","0.5","1.64","768.528"
"2018/09/12","31","31","30","30.45","-0.6500000000000021","-2.09","315.005"
"2018/09/11","30.2","31.5","30.2","31.1","1.2000000000000028","4.01","791.626"
"2018/09/10","30.3","30.35","29.6","29.9","-0.3000000000000007","-0.99","251.2"
"2018/09/07","30.65","30.65","29.8","30.2","-0.5","-1.63","391.142"
"2018/09/06","31.1","31.1","30.65","30.7","-0.40000000000000213","-1.29","253.006"
"2018/09/05","31.05","31.2","30.85","31.1","-0.04999999999999716","-0.16","208.208"
"2018/09/04","30.8","31.45","30.75","31.15","0.34999999999999787","1.14","310.978"
"2018/09/03","31.4","31.4","30.5","30.8","-0.5999999999999979","-1.91","392.563"
"2018/08/31","31.25","31.45","31.25","31.4","-0.05000000000000071","-0.16","140.894"
"2018/08/30","31.3","31.5","31.15","31.45","0.14999999999999858","0.48","301.5"
"2018/08/29","31.15","31.45","31.05","31.3","-0.09999999999999787","-0.32","261.942"
"2018/08/28","31.4","31.45","31.35","31.4","0.04999999999999716","0.16","198.629"
"2018/08/27","31.4","31.5","31.3","31.35","0.05000000000000071","0.16","145.599"
"2018/08/24","31.4","31.4","31.15","31.3","-0.09999999999999787","-0.32","137.374"
"2018/08/23","31.45","31.65","31.1","31.4","0.09999999999999787","0.32","438.02"
"2018/08/22","31.45","31.6","31.15","31.3","-0.14999999999999858","-0.48","168.617"
"2018/08/21","31.4","31.9","31.3","31.45","0.34999999999999787","1.13","748.369"
"2018/08/20","31.2","31.5","31.1","31.1","-0.09999999999999787","-0.32","275.242"
"2018/08/17","31","31.6","30.85","31.2","0.34999999999999787","1.13","367.904"
"2018/08/16","30.5","30.95","30","30.85","0.3500000000000014","1.15","441.392"
"2018/08/15","30.3","30.8","30.3","30.5","0.3500000000000014","1.16","634.069"
"2018/08/14","30.15","30.3","29.95","30.15","0.14999999999999858","0.50","395.159"
"2018/08/13","31.2","31.2","29.7","30","-1.3500000000000014","-4.31","943.772"
"2018/08/10","31.5","31.5","31.3","31.35","-0.14999999999999858","-0.48","533.995"
"2018/08/09","31.7","31.7","31.4","31.5","-0.1999999999999993","-0.63","509.902"
"2018/08/08","31.75","31.9","31.6","31.7","0.1999999999999993","0.63","587.398"
"2018/08/07","31.25","32","31.25","31.5","0.3000000000000007","0.96","864.595"
"2018/08/06","31.2","32.1","31.1","31.2","0.34999999999999787","1.13","2045.427"
"2018/08/03","31","31","30.65","30.85","0.25","0.82","195.69"
"2018/08/02","31.05","31.1","30.5","30.6","-0.3999999999999986","-1.29","844.667"
"2018/08/01","30.65","31.05","30.6","31","0.3500000000000014","1.14","725.523"
"2018/07/31","30.45","30.7","30.35","30.65","0.25","0.82","834.34"
"2018/07/30","30.9","31.35","30.1","30.4","-0.6000000000000014","-1.94","2810.658"
"2018/07/27","29.7","31.65","29.7","31","1.25","4.20","3502.656"
"2018/07/26","29.15","29.75","29.1","29.75","0.8000000000000007","2.76","1031.35"
"2018/07/25","28.5","29","28.5","28.95","0.34999999999999787","1.22","529.2"
"2018/07/24","28.4","28.75","28.4","28.6","0.10000000000000142","0.35","270.087"
"2018/07/23","28.3","28.65","28.25","28.5","0.10000000000000142","0.35","243.98"
"2018/07/20","28.25","28.5","28","28.4","0.14999999999999858","0.53","567.166"
"2018/07/19","28","28.3","27.8","28.25","0.1999999999999993","0.71","385.622"
"2018/07/18","27.95","28.15","27.75","28.05","0.15000000000000213","0.54","354.027"
"2018/07/17","28.35","28.35","27.7","27.9","-1.1000000000000014","-3.79","825.422"
"2018/07/16","29","29.15","29","29","0","0.00","764.263"
"2018/07/13","28.95","29.05","28.9","29","0.05000000000000071","0.17","263.94"
"2018/07/12","28.8","29.2","28.8","28.95","0.14999999999999858","0.52","417.23"
"2018/07/11","28.5","28.9","28.5","28.8","0.3000000000000007","1.05","246.35"
"2018/07/10","28.3","28.7","28.3","28.5","0.25","0.88","392"
"2018/07/09","28.3","28.4","28.1","28.25","-0.14999999999999858","-0.53","394.585"
"2018/07/06","28.65","28.65","28.3","28.4","-0.25","-0.87","303.244"
"2018/07/05","28.7","29.05","28.65","28.65","-0.20000000000000284","-0.69","350.1"
"2018/07/04","28.75","29.1","28.7","28.85","0.05000000000000071","0.17","148.1"
"2018/07/03","29.2","29.2","28.75","28.8","-0.09999999999999787","-0.35","324.336"
"2018/07/02","29.15","29.15","28.8","28.9","0.14999999999999858","0.52","262.1"
"2018/06/29","28.65","29","28.65","28.75","0.10000000000000142","0.35","210.736"
"2018/06/28","28.9","29","28.6","28.65","-0.25","-0.87","392.873"
"2018/06/27","29.05","29.1","28.9","28.9","-0.15000000000000213","-0.52","274.244"
"2018/06/26","29","29.15","28.95","29.05","-0.3000000000000007","-1.02","302.892"
"2018/06/25","29.2","29.65","29.2","29.35","0.20000000000000284","0.69","247.904"
"2018/06/22","29.2","29.3","29.1","29.15","-0.05000000000000071","-0.17","232.392"
"2018/06/21","29.15","29.4","29.15","29.2","0.05000000000000071","0.17","157.395"
"2018/06/20","29.05","29.35","29.05","29.15","0.09999999999999787","0.34","203.215"
"2018/06/19","28.9","29.25","28.9","29.05","0.25","0.87","295.828"
"2018/06/15","29","29.15","28.8","28.8","-0.09999999999999787","-0.35","504.626"
"2018/06/14","29.2","29.35","28.9","28.9","-0.3000000000000007","-1.03","705.267"
"2018/06/13","29.9","29.9","29.2","29.2","-0.5","-1.68","515.326"
"2018/06/12","29.75","30","29.65","29.7","-0.15000000000000213","-0.50","198.322"
"2018/06/11","30","30","29.8","29.85","0.15000000000000213","0.51","240.18"
"2018/06/08","29.7","30.1","29.7","29.7","0","0.00","257.616"
"2018/06/07","29.9","30.05","29.7","29.7","-0.3000000000000007","-1.00","430.398"
"2018/06/06","29.8","30.05","29.8","30","0.05000000000000071","0.17","232.1"
"2018/06/05","30","30.25","29.95","29.95","-0.10000000000000142","-0.33","284.9"
"2018/06/04","30","30.4","30","30.05","0.15000000000000213","0.50","402.095"
"2018/06/01","29.75","29.95","29.55","29.9","0.14999999999999858","0.50","281.035"
"2018/05/31","29.7","29.9","29.7","29.75","0.05000000000000071","0.17","583.764"
"2018/05/30","30.3","30.3","29.65","29.7","-0.3000000000000007","-1.00","364.609"
"2018/05/29","30","30.1","29.9","30","-0.10000000000000142","-0.33","175.918"
"2018/05/28","30.05","30.25","29.7","30.1","0.05000000000000071","0.17","245.735"
"2018/05/25","30.05","30.35","29.95","30.05","-0.25","-0.83","564.537"
"2018/05/24","30.15","30.4","29.95","30.3","0.05000000000000071","0.17","251.286"
"2018/05/23","30.7","30.75","30.15","30.25","-0.3999999999999986","-1.31","307.524"
"2018/05/22","31.1","31.1","30.65","30.65","-0.45000000000000284","-1.45","426.524"
"2018/05/21","31.45","31.45","31.05","31.1","-0.29999999999999716","-0.96","403.362"
"2018/05/18","31.2","31.5","31.15","31.4","0.14999999999999858","0.48","374.5"
"2018/05/17","31.1","31.35","31","31.25","0.10000000000000142","0.32","567.649"
"2018/05/16","31.55","31.55","30.75","31.15","-0.40000000000000213","-1.27","1099.684"
"2018/05/15","31.35","31.7","31.3","31.55","0.05000000000000071","0.16","438.08"
"2018/05/14","31.3","31.5","31.2","31.5","0.1999999999999993","0.64","295.824"
"2018/05/11","31.2","31.5","31.1","31.3","0.10000000000000142","0.32","259.708"
"2018/05/10","31.25","31.3","31.1","31.2","0.09999999999999787","0.32","236.676"
"2018/05/09","31.8","31.8","31.1","31.1","-0.5999999999999979","-1.89","535.568"
"2018/05/08","31.75","31.9","31.55","31.7","-0.05000000000000071","-0.16","778.914"
"2018/05/07","31.5","31.75","31.35","31.75","0.3000000000000007","0.95","553.716"
"2018/05/04","31.5","31.65","31.3","31.45","-0.05000000000000071","-0.16","435.294"
"2018/05/03","31.45","31.5","31","31.5","0.1999999999999993","0.64","663.826"
"2018/05/02","30.8","31.45","30.7","31.3","0.5","1.62","1060.756"
"2018/04/30","30.6","30.8","30.6","30.8","0.1999999999999993","0.65","406.04"
"2018/04/27","30.5","31","30.35","30.6","0.25","0.82","376.937"
"2018/04/26","30.5","30.75","30.35","30.35","-0.14999999999999858","-0.49","576.714"
"2018/04/25","29.95","30.5","29.8","30.5","0.25","0.83","457.872"
"2018/04/24","30.7","30.7","29.85","30.25","-0.25","-0.82","506.5"
"2018/04/23","30.2","30.8","30.1","30.5","0.3000000000000007","0.99","697.506"
"2018/04/20","30.1","30.2","29.95","30.2","0.09999999999999787","0.33","356.29"
"2018/04/19","29.6","30.2","29.6","30.1","0.25","0.84","504.577"
"2018/04/18","29.5","29.9","29.5","29.85","0.3500000000000014","1.19","320.575"
"2018/04/17","29.8","29.9","29.5","29.5","-0.3500000000000014","-1.17","555.98"
"2018/04/16","29.9","30.05","29.85","29.85","-0.14999999999999858","-0.50","482.834"
"2018/04/13","30","30.05","29.85","30","0","0.00","307.858"
"2018/04/12","29.9","30","29.65","30","0.3000000000000007","1.01","423.182"
"2018/04/11","30","30.1","29.5","29.7","-0.3000000000000007","-1.00","911.834"
"2018/04/10","29.35","31","29.3","30","0.5","1.69","1973.166"
"2018/04/09","29.5","29.5","29.3","29.5","0","0.00","433.107"
"2018/04/03","29.6","29.6","29.4","29.5","-0.1999999999999993","-0.67","550.809"
"2018/04/02","29.45","29.75","29.35","29.7","0.3000000000000007","1.02","744.18"
"2018/03/31","29.5","29.5","29.05","29.4","-0.10000000000000142","-0.34","655.061"
"2018/03/30","29.15","30.05","29","29.5","0.6000000000000014","2.08","1809"
"2018/03/29","28.5","28.9","28.5","28.9","0.34999999999999787","1.23","404.976"
"2018/03/28","28.3","28.55","28.25","28.55","0.25","0.88","267.222"
"2018/03/27","28.2","28.4","28.2","28.3","0.15000000000000213","0.53","177.383"
"2018/03/26","28","28.4","28","28.15","-0.10000000000000142","-0.35","226.264"
"2018/03/23","27.45","28.35","27.45","28.25","-0.3000000000000007","-1.05","262.07"
"2018/03/22","28.4","28.65","28.35","28.55","0.05000000000000071","0.18","196.501"
"2018/03/21","28.9","29.1","28.4","28.5","-0.3999999999999986","-1.38","472.931"
"2018/03/20","28.35","29.4","28.3","28.9","0.5","1.76","539.3"
"2018/03/19","28.5","28.65","28.3","28.4","-0.10000000000000142","-0.35","241.313"
"2018/03/16","28.45","28.6","28.45","28.5","-0.10000000000000142","-0.35","221.52"
"2018/03/15","28.45","28.65","28.35","28.6","0.15000000000000213","0.53","203.21"
"2018/03/14","28.5","28.7","28.4","28.45","-0.25","-0.87","199.26"
"2018/03/13","28.5","28.7","28.35","28.7","0.09999999999999787","0.35","299.32"
"2018/03/12","28.35","28.65","28.35","28.6","0.10000000000000142","0.35","300.619"
"2018/03/09","28.25","28.5","28.25","28.5","0.14999999999999858","0.53","141.606"
"2018/03/08","28.35","28.65","28.35","28.35","0","0.00","130.235"
"2018/03/07","28.4","28.55","28.35","28.35","-0.09999999999999787","-0.35","86.245"
"2018/03/06","28.45","28.75","28.4","28.45","-0.05000000000000071","-0.18","232.26"
"2018/03/05","28.7","28.8","28.4","28.5","-0.1999999999999993","-0.70","226.198"
"2018/03/02","28.8","29","28.65","28.7","-0.3000000000000007","-1.03","219"
"2018/03/01","28.7","29","28.7","29","-0.05000000000000071","-0.17","151.395"
"2018/02/27","29.1","29.2","28.8","29.05","-0.05000000000000071","-0.17","291.061"
"2018/02/26","29.1","29.25","28.9","29.1","0.25","0.87","249.72"
"2018/02/23","28.35","29","28.35","28.85","0.3500000000000014","1.23","243.881"
"2018/02/22","28.3","28.55","28.3","28.5","0.14999999999999858","0.53","152.2"
"2018/02/21","27.6","28.35","27.55","28.35","0.8500000000000014","3.09","321.28"
"2018/02/12","27.35","27.8","27.35","27.5","0.14999999999999858","0.55","278.687"
"2018/02/09","27.5","27.5","27.05","27.35","-0.29999999999999716","-1.08","241.02"
"2018/02/08","27.5","28.1","27.5","27.65","-0.05000000000000071","-0.18","177.2"
"2018/02/07","27.5","27.85","27.5","27.7","0.3999999999999986","1.47","201.107"
"2018/02/06","28","28","27","27.3","-1.0999999999999979","-3.87","720.849"
"2018/02/05","28.3","28.55","28.3","28.4","-0.20000000000000284","-0.70","261.1"
"2018/02/02","28.65","28.65","28.5","28.6","0.10000000000000142","0.35","120.718"
"2018/02/01","28.4","28.6","28.4","28.5","0.05000000000000071","0.18","353.24"
"2018/01/31","28.55","28.7","28.4","28.45","-0.15000000000000213","-0.52","282.661"
"2018/01/30","28.75","28.95","28.6","28.6","-0.25","-0.87","306.841"
"2018/01/29","28.65","28.9","28.5","28.85","0.15000000000000213","0.52","144.275"
"2018/01/26","28.7","28.7","28.5","28.7","-0.10000000000000142","-0.35","340.842"
"2018/01/25","28.9","29","28.75","28.8","-0.09999999999999787","-0.35","297.325"
"2018/01/24","29.1","29.15","28.85","28.9","-0.3500000000000014","-1.20","395.41"
"2018/01/23","29.15","29.3","29","29.25","-0.05000000000000071","-0.17","447.584"
"2018/01/22","29.1","29.4","29.1","29.3","0.1999999999999993","0.69","392.515"
"2018/01/19","29.2","29.25","29.05","29.1","-0.14999999999999858","-0.51","261.222"
"2018/01/18","29.2","29.35","29.2","29.25","-0.10000000000000142","-0.34","519.758"
"2018/01/17","29.45","29.45","29.2","29.35","-0.09999999999999787","-0.34","427.741"
"2018/01/16","29.25","29.45","29.1","29.45","0.3999999999999986","1.38","470.995"
"2018/01/15","29","29.25","29","29.05","0.05000000000000071","0.17","342"
"2018/01/12","29","29.2","28.9","29","0","0.00","575.411"
"2018/01/11","29.15","29.15","28.8","29","0.10000000000000142","0.35","542.697"
"2018/01/10","29.05","29.05","28.7","28.9","0.1999999999999993","0.70","364.052"
"2018/01/09","29","29","28.6","28.7","-0.3000000000000007","-1.03","318.676"
"2018/01/08","29.4","29.45","28.9","29","-0.1999999999999993","-0.68","564.606"
"2018/01/05","29","29.25","28.8","29.2","0.1999999999999993","0.69","717.127"
"2018/01/04","28.6","29","28.5","29","0.5","1.75","830.022"