1467,2023/01/04,11.05,11.35,11.05,11.3,0.15000000000000036,1.35,5949.021
1467,2023/01/03,11.1,11.3,10.95,11.15,0.05000000000000071,0.45,6227.003
1467,2022/12/30,11,11.25,11,11.1,0.09999999999999964,0.91,3141.322
1467,2022/12/29,11.05,11.15,10.8,11,-0.05000000000000071,-0.45,995.182
1467,2022/12/28,11.1,11.15,11.05,11.05,-0.09999999999999964,-0.90,579.415
1467,2022/12/27,11.05,11.2,11,11.15,0.09999999999999964,0.90,418.632
1467,2022/12/26,11,11.1,10.85,11.05,0.05000000000000071,0.45,633.781
1467,2022/12/23,11.1,11.1,11,11,-0.09999999999999964,-0.90,342.589
1467,2022/12/22,11.2,11.2,11,11.1,0,0.00,904.114
1467,2022/12/21,11.15,11.3,11.1,11.1,-0.05000000000000071,-0.45,388.046
1467,2022/12/20,11.6,11.6,11.15,11.15,-0.4499999999999993,-3.88,1405.312
1467,2022/12/19,11.75,11.75,11.6,11.6,-0.15000000000000036,-1.28,660.519
1467,2022/12/16,12,12,11.75,11.75,-0.3000000000000007,-2.49,554.652
1467,2022/12/15,12.15,12.15,12.05,12.05,-0.09999999999999964,-0.82,501.964
1467,2022/12/14,12.25,12.4,12.05,12.15,-0.049999999999998934,-0.41,3686.138
1467,2022/12/13,12.25,12.45,12.1,12.2,0,0.00,4814.388
1467,2022/12/12,12.25,12.3,12,12.2,-0.05000000000000071,-0.41,6909.104
1467,2022/12/09,12.3,12.8,12.2,12.25,-0.05000000000000071,-0.41,4560.886
1467,2022/12/08,12.25,12.45,12.2,12.3,0,0.00,5912.316
1467,2022/12/07,12.15,12.5,12.15,12.3,0.05000000000000071,0.41,7287.881
1467,2022/12/06,12.1,12.4,12.05,12.25,0.15000000000000036,1.24,9987.787
1467,2022/12/05,12.15,12.25,11.95,12.1,0,0.00,2729.903
1467,2022/12/02,12.2,12.3,12,12.1,-0.05000000000000071,-0.41,4249.344
1467,2022/12/01,12.15,12.25,12,12.15,0.09999999999999964,0.83,5712.643
1467,2022/11/30,11.6,12.25,11.6,12.05,0.45000000000000107,3.88,10104.207
1467,2022/11/29,11.5,11.9,11.45,11.6,0.15000000000000036,1.31,3275.608
1467,2022/11/28,11.6,11.6,11.3,11.45,-0.05000000000000071,-0.43,2514.145
1467,2022/11/25,11.8,11.8,11.5,11.5,-0.25,-2.13,1755.442
1467,2022/11/24,11.85,11.85,11.6,11.75,-0.09999999999999964,-0.84,1610.728
1467,2022/11/23,12.4,12.4,11.75,11.85,-0.45000000000000107,-3.66,5507.048
1467,2022/11/22,12.45,12.5,12.3,12.3,-0.25,-1.99,497.163
1467,2022/11/21,12.3,12.6,12.15,12.55,0.3000000000000007,2.45,4251.308
1467,2022/11/18,12,12.35,12,12.25,0.25,2.08,6660.373
1467,2022/11/17,12,12.25,12,12,0,0.00,5229.202
1467,2022/11/16,11.9,12.2,11.9,12,-0.09999999999999964,-0.83,4571.805
1467,2022/11/15,11.7,12.2,11.7,12.1,0.29999999999999893,2.54,10320.994
1467,2022/11/14,11.55,11.85,11.5,11.8,0.3000000000000007,2.61,8403.703
1467,2022/11/11,11.3,11.7,11.2,11.5,0.1999999999999993,1.77,6039.084
1467,2022/11/10,11.3,11.3,11.2,11.3,0,0.00,1062.507
1467,2022/11/09,11.3,11.35,11.25,11.3,0,0.00,1183.114
1467,2022/11/08,11.3,11.35,11.25,11.3,0,0.00,1970.159
1467,2022/11/07,11.45,11.45,11.3,11.3,-0.09999999999999964,-0.88,1064.861
1467,2022/11/04,11.4,11.4,11.25,11.4,0,0.00,952.596
1467,2022/11/03,11.45,11.55,11.35,11.4,0,0.00,2621.418
1467,2022/11/02,11.4,11.45,11.35,11.4,-0.049999999999998934,-0.44,438.229
1467,2022/11/01,11.4,11.5,11.35,11.45,0.049999999999998934,0.44,1539.824
1467,2022/10/31,11.5,11.55,11.35,11.4,0,0.00,4383.654
1467,2022/10/28,11.5,11.5,11.3,11.4,-0.049999999999998934,-0.44,759.614
1467,2022/10/27,11.55,11.55,11.35,11.45,-0.05000000000000071,-0.43,827.659
1467,2022/10/26,11.6,11.6,11.4,11.5,-0.05000000000000071,-0.43,773.928
1467,2022/10/25,11.65,11.7,11.55,11.55,-0.049999999999998934,-0.43,2990.255
1467,2022/10/24,11.65,11.8,11.6,11.6,0,0.00,5109.614
1467,2022/10/21,11.6,11.7,11.55,11.6,-0.05000000000000071,-0.43,2485.617
1467,2022/10/20,11.6,11.9,11.6,11.65,-0.15000000000000036,-1.27,2332.501
1467,2022/10/19,11.65,11.8,11.6,11.8,0.05000000000000071,0.43,2293.91
1467,2022/10/18,11.65,11.9,11.45,11.75,0.09999999999999964,0.86,5627.476
1467,2022/10/17,11.4,11.65,11.2,11.65,0.09999999999999964,0.87,2291.878
1467,2022/10/14,11.55,11.55,11.3,11.55,0.10000000000000142,0.87,940.618
1467,2022/10/13,11.6,11.6,11.25,11.45,-0.10000000000000142,-0.87,2129.382
1467,2022/10/12,11.65,11.65,11.45,11.55,-0.09999999999999964,-0.86,748.096
1467,2022/10/11,11.55,11.75,11.5,11.65,0,0.00,6049.902
1467,2022/10/07,11.4,11.65,11.4,11.65,0.05000000000000071,0.43,2471.666
1467,2022/10/06,11.5,11.6,11,11.6,0.09999999999999964,0.87,2477.197
1467,2022/10/05,11.65,11.65,11.4,11.5,-0.05000000000000071,-0.43,492.889
1467,2022/10/04,11.6,11.7,11.5,11.55,0,0.00,697.771
1467,2022/10/03,11.6,11.7,11.55,11.55,-0.09999999999999964,-0.86,304.963
1467,2022/09/30,11.75,11.75,11.6,11.65,-0.09999999999999964,-0.85,583.292
1467,2022/09/29,11.75,11.9,11.6,11.75,0.05000000000000071,0.43,950.951
1467,2022/09/28,11.85,11.85,11.6,11.7,-0.05000000000000071,-0.43,985.407
1467,2022/09/27,11.75,11.85,11.65,11.75,0.05000000000000071,0.43,1334.808
1467,2022/09/26,12,12.1,11.65,11.7,-0.3000000000000007,-2.50,1479.629
1467,2022/09/23,11.9,12.2,11.9,12,0.05000000000000071,0.42,1816.759
1467,2022/09/22,11.9,12.05,11.8,11.95,0.049999999999998934,0.42,962.295
1467,2022/09/21,12.05,12.15,11.9,11.9,-0.15000000000000036,-1.24,1800.498
1467,2022/09/20,12.2,12.25,12,12.05,-0.14999999999999858,-1.23,1000.985
1467,2022/09/19,12.9,13,12,12.2,-0.6000000000000014,-4.69,6196.588
1467,2022/09/16,12.1,12.95,12.05,12.8,0.7000000000000011,5.79,11097.988
1467,2022/09/15,12.05,12.25,12.05,12.1,0.049999999999998934,0.41,1796.562
1467,2022/09/14,11.9,12.1,11.85,12.05,0,0.00,1280.665
1467,2022/09/13,11.9,12.2,11.85,12.05,0.15000000000000036,1.26,5490.406
1467,2022/09/12,11.9,12.05,11.8,11.9,0.09999999999999964,0.85,2167.76
1467,2022/09/08,11.8,11.9,11.7,11.8,0.05000000000000071,0.43,942.384
1467,2022/09/07,11.85,12.2,11.7,11.75,-0.09999999999999964,-0.84,3457.781
1467,2022/09/06,11.9,11.9,11.75,11.85,0,0.00,936.037
1467,2022/09/05,11.9,12,11.7,11.85,-0.05000000000000071,-0.42,570.089
1467,2022/09/02,11.95,12,11.9,11.9,-0.049999999999998934,-0.42,137.659
1467,2022/09/01,11.9,11.95,11.8,11.95,0.049999999999998934,0.42,371.624
1467,2022/08/31,11.95,12,11.85,11.9,-0.09999999999999964,-0.83,126.324
1467,2022/08/30,11.9,12,11.85,12,0.09999999999999964,0.84,188.518
1467,2022/08/29,11.9,11.95,11.7,11.9,0,0.00,2184.555
1467,2022/08/26,11.95,11.95,11.9,11.9,0,0.00,276.104
1467,2022/08/25,11.85,11.95,11.85,11.9,0.05000000000000071,0.42,144.09
1467,2022/08/24,11.8,11.9,11.8,11.85,0,0.00,163.569
1467,2022/08/23,11.95,11.95,11.85,11.85,-0.09999999999999964,-0.84,178.853
1467,2022/08/22,11.9,12,11.9,11.95,0,0.00,322.968
1467,2022/08/19,11.9,11.95,11.9,11.95,0.049999999999998934,0.42,236.871
1467,2022/08/18,11.95,12,11.9,11.9,-0.049999999999998934,-0.42,295.216
1467,2022/08/17,11.95,12.05,11.9,11.95,0.049999999999998934,0.42,656.356
1467,2022/08/16,11.95,12,11.85,11.9,0,0.00,601.306
1467,2022/08/15,11.95,11.95,11.9,11.9,0,0.00,279.844
1467,2022/08/12,11.8,11.9,11.8,11.9,0.15000000000000036,1.28,202.05
1467,2022/08/11,11.85,11.9,11.7,11.75,-0.05000000000000071,-0.42,971.022
1467,2022/08/10,11.8,12,11.8,11.8,-0.09999999999999964,-0.84,840.823
1467,2022/08/09,12.05,12.25,11.85,11.9,-0.049999999999998934,-0.42,4947.659
1467,2022/08/08,12.15,12.15,11.9,11.95,-0.20000000000000107,-1.65,283.097
1467,2022/08/05,12.25,12.35,12.1,12.15,0,0.00,1528.443
1467,2022/08/04,12.35,12.35,12.05,12.15,-0.1999999999999993,-1.62,482.798
1467,2022/08/03,12.1,12.45,12.1,12.35,0.09999999999999964,0.82,1752.18
1467,2022/08/02,12.25,12.5,12,12.25,0.09999999999999964,0.82,2622.111
1467,2022/08/01,12.05,12.25,12,12.15,0.09999999999999964,0.83,785.324
1467,2022/07/29,11.85,12.1,11.75,12.05,0.3000000000000007,2.55,5258.356
1467,2022/07/28,12.35,12.35,11.7,11.75,-0.5500000000000007,-4.47,1871.304
1467,2022/07/27,12.3,12.4,12.1,12.3,-0.29999999999999893,-2.38,1068.414
1467,2022/07/26,12.7,12.7,12,12.6,-0.09999999999999964,-0.79,5910.889
1467,2022/07/25,12.7,12.8,12.65,12.7,0,0.00,212.709
1467,2022/07/22,12.9,12.95,12.65,12.7,-0.25,-1.93,646.944
1467,2022/07/21,13.1,13.1,12.85,12.95,-0.05000000000000071,-0.38,444.58
1467,2022/07/20,13.15,13.4,13,13,-0.05000000000000071,-0.38,1969.411
1467,2022/07/19,13.05,13.15,13,13.05,0.05000000000000071,0.38,1023.88
1467,2022/07/18,13.25,13.35,13,13,-0.25,-1.89,2097.305
1467,2022/07/15,13.45,13.6,13.1,13.25,-0.15000000000000036,-1.12,1223.838
1467,2022/07/14,13.55,13.6,13.3,13.4,-0.09999999999999964,-0.74,1004.869
1467,2022/07/13,13.7,14,13.45,13.5,-0.1999999999999993,-1.46,1443.044
1467,2022/07/12,13.7,13.8,13.6,13.7,-0.05000000000000071,-0.36,1097.482
1467,2022/07/11,13.65,13.95,13.6,13.75,0.09999999999999964,0.73,3577.813
1467,2022/07/08,13.7,13.7,13.45,13.65,-0.049999999999998934,-0.36,903.012
1467,2022/07/07,13.55,14,13.55,13.7,0.049999999999998934,0.37,1136.794
1467,2022/07/06,13.65,13.75,13.55,13.65,0,0.00,1216.776
1467,2022/07/05,13.55,14,13.45,13.65,0.15000000000000036,1.11,4187.386
1467,2022/07/04,13.5,13.6,13.4,13.5,0,0.00,1486.702
1467,2022/07/01,13.5,13.6,13.25,13.5,0.09999999999999964,0.75,1744.413
1467,2022/06/30,13.4,13.5,13.25,13.4,-0.049999999999998934,-0.37,688.398
1467,2022/06/29,13.25,13.5,13.15,13.45,0.1999999999999993,1.51,1461.861
1467,2022/06/28,13.35,13.35,13.15,13.25,0,0.00,1162.302
1467,2022/06/27,13.35,13.55,13.25,13.25,-0.09999999999999964,-0.75,1151.02
1467,2022/06/24,13.2,13.75,13.2,13.35,0.1999999999999993,1.52,3244.071
1467,2022/06/23,13.2,13.35,13.05,13.15,-0.049999999999998934,-0.38,627.785
1467,2022/06/22,13.45,13.55,13.15,13.2,-0.25,-1.86,407.105
1467,2022/06/21,13.05,13.5,13,13.45,0.4499999999999993,3.46,1253.663
1467,2022/06/20,13.7,13.7,13,13,-0.6500000000000004,-4.76,683.34
1467,2022/06/17,13.8,13.8,13.5,13.65,0,0.00,919.172
1467,2022/06/16,14,14,13.65,13.65,-0.25,-1.80,739.698
1467,2022/06/15,14,14,13.9,13.9,-0.09999999999999964,-0.71,377.031
1467,2022/06/14,13.95,14.1,13.75,14,0,0.00,1444.703
1467,2022/06/13,13.75,14.1,13.65,14,0.15000000000000036,1.08,2012.074
1467,2022/06/10,13.9,13.95,13.8,13.85,-0.09999999999999964,-0.72,536.751
1467,2022/06/09,14,14.3,13.95,13.95,-0.10000000000000142,-0.71,1313.821
1467,2022/06/08,14.1,14.45,14.05,14.05,-0.09999999999999964,-0.71,2297.955
1467,2022/06/07,14.1,14.15,13.95,14.15,0.05000000000000071,0.35,558.881
1467,2022/06/06,13.9,14.1,13.8,14.1,0.1999999999999993,1.44,1163.893
1467,2022/06/02,13.95,14.2,13.8,13.9,-0.049999999999998934,-0.36,1701.022
1467,2022/06/01,13.85,13.95,13.85,13.95,0.09999999999999964,0.72,761.61
1467,2022/05/31,13.75,13.85,13.65,13.85,0.1999999999999993,1.47,360.834
1467,2022/05/30,13.6,14,13.5,13.65,0.05000000000000071,0.37,1879.061
1467,2022/05/27,13.6,13.75,13.55,13.6,0,0.00,197.556
1467,2022/05/26,13.7,13.7,13.55,13.6,-0.05000000000000071,-0.37,196.733
1467,2022/05/25,14.5,14.5,13.3,13.65,0,0.00,3836.892
1467,2022/05/24,13.75,13.75,13.6,13.65,0,0.00,218.088
1467,2022/05/23,13.75,13.8,13.65,13.65,-0.09999999999999964,-0.73,221.134
1467,2022/05/20,13.65,13.75,13.55,13.75,0.09999999999999964,0.73,555.39
1467,2022/05/19,13.75,13.75,13.5,13.65,0,0.00,167.857
1467,2022/05/18,13.7,13.8,13.65,13.65,-0.09999999999999964,-0.73,304.23
1467,2022/05/17,13.7,13.85,13.65,13.75,0.05000000000000071,0.36,634.931
1467,2022/05/16,13.7,13.7,13.55,13.7,0,0.00,382.663
1467,2022/05/13,13.75,13.85,13.6,13.7,-0.05000000000000071,-0.36,1381.27
1467,2022/05/12,13.8,14.05,13.65,13.75,-0.05000000000000071,-0.36,1424.739
1467,2022/05/11,13.9,13.9,13.65,13.8,-0.049999999999998934,-0.36,415.35
1467,2022/05/10,13.7,14.3,13.65,13.85,0.09999999999999964,0.73,3526.788
1467,2022/05/09,13.65,13.75,13.55,13.75,0.09999999999999964,0.73,719.217
1467,2022/05/06,13.65,13.7,13.55,13.65,-0.049999999999998934,-0.36,799.169
1467,2022/05/05,13.7,13.7,13.65,13.7,0,0.00,79.456
1467,2022/05/04,13.65,13.7,13.55,13.7,0.049999999999998934,0.37,244.3
1467,2022/05/03,13.7,13.7,13.55,13.65,0,0.00,193.31
1467,2022/04/29,13.7,13.75,13.6,13.65,-0.09999999999999964,-0.73,139.843
1467,2022/04/28,13.65,13.85,13.6,13.75,0.15000000000000036,1.10,2042.527
1467,2022/04/27,13.75,13.9,13.35,13.6,-0.15000000000000036,-1.09,3062.874
1467,2022/04/26,13.65,13.9,13.6,13.75,0.09999999999999964,0.73,798.128
1467,2022/04/25,13.9,13.9,13.6,13.65,-0.25,-1.80,440.859
1467,2022/04/22,13.8,13.9,13.8,13.9,0.15000000000000036,1.09,383.784
1467,2022/04/21,13.8,13.85,13.65,13.75,0.05000000000000071,0.36,412.721
1467,2022/04/20,13.7,13.8,13.7,13.7,0.049999999999998934,0.37,265.583
1467,2022/04/19,13.8,13.95,13.65,13.65,-0.049999999999998934,-0.36,854.18
1467,2022/04/18,13.65,14,13.65,13.7,0.049999999999998934,0.37,1426.92
1467,2022/04/15,13.65,13.7,13.6,13.65,0,0.00,285.54
1467,2022/04/14,13.75,14,13.65,13.65,0,0.00,1582.585
1467,2022/04/13,13.8,13.95,13.65,13.65,-0.09999999999999964,-0.73,766.844
1467,2022/04/12,13.55,13.8,13.55,13.75,0.1999999999999993,1.48,251.634
1467,2022/04/11,13.7,13.7,13.55,13.55,-0.09999999999999964,-0.73,259.051
1467,2022/04/08,13.7,13.7,13.6,13.65,-0.049999999999998934,-0.36,289.001
1467,2022/04/07,13.75,13.8,13.6,13.7,-0.05000000000000071,-0.36,333.48
1467,2022/04/06,14.05,14.05,13.75,13.75,-0.15000000000000036,-1.08,159.443
1467,2022/04/01,14,14,13.85,13.9,0,0.00,87.92
1467,2022/03/31,14.1,14.1,13.9,13.9,-0.15000000000000036,-1.07,310.4
1467,2022/03/30,14.15,14.2,14,14.05,-0.09999999999999964,-0.71,492.498
1467,2022/03/29,14.15,14.25,13.95,14.15,0.05000000000000071,0.35,565.761
1467,2022/03/28,13.9,14.2,13.8,14.1,0,0.00,827.421
1467,2022/03/25,14,14.15,13.75,14.1,0.1999999999999993,1.44,1029.847
1467,2022/03/24,14,14.05,13.9,13.9,-0.09999999999999964,-0.71,277.537
1467,2022/03/23,14.1,14.15,14,14,0,0.00,374.952
1467,2022/03/22,14.15,14.15,13.95,14,-0.05000000000000071,-0.36,379.446
1467,2022/03/21,14.1,14.15,14.05,14.05,-0.09999999999999964,-0.71,219.708
1467,2022/03/18,14.3,14.3,14.05,14.15,0,0.00,213.522
1467,2022/03/17,14.2,14.4,14.1,14.15,0.05000000000000071,0.35,275.731
1467,2022/03/16,14.6,14.7,14.1,14.1,-0.5,-3.42,2896.744
1467,2022/03/15,14.3,14.6,14.25,14.6,0.049999999999998934,0.34,1309.59
1467,2022/03/14,14.1,14.55,13.95,14.55,0.25,1.75,1511.523
1467,2022/03/11,14.25,14.45,13.95,14.3,0.10000000000000142,0.70,1962.591
1467,2022/03/10,14.65,14.9,14.2,14.2,-0.45000000000000107,-3.07,2839.81
1467,2022/03/09,14.5,14.7,14.4,14.65,0.15000000000000036,1.03,1040.639
1467,2022/03/08,14.25,14.5,14.05,14.5,0.25,1.75,1309.532
1467,2022/03/07,14.15,14.3,13.7,14.25,0.09999999999999964,0.71,3509.737
1467,2022/03/04,14.7,14.75,14.1,14.15,-0.5499999999999989,-3.74,1242.338
1467,2022/03/03,15,15,14.7,14.7,-0.3000000000000007,-2.00,939.916
1467,2022/03/02,14.95,15.1,14.8,15,0,0.00,6710.825
1467,2022/03/01,14.75,15.2,14.65,15,0,0.00,4164.421
1467,2022/02/25,14.9,15,14.2,15,0.05000000000000071,0.33,6868.728
1467,2022/02/24,14.2,14.95,14.1,14.95,0.6999999999999993,4.91,4565.985
1467,2022/02/23,14.3,14.5,14.1,14.25,-0.05000000000000071,-0.35,1665.399
1467,2022/02/22,13.95,14.35,13.75,14.3,0.5,3.62,3097.417
1467,2022/02/21,13.8,14.05,13.7,13.8,0,0.00,1480.18
1467,2022/02/18,13.65,13.8,13.6,13.8,0.15000000000000036,1.10,671.644
1467,2022/02/17,13.75,13.8,13.65,13.65,-0.049999999999998934,-0.36,464.838
1467,2022/02/16,13.8,14,13.65,13.7,0,0.00,1292.496
1467,2022/02/15,13.7,14.05,13.7,13.7,-0.20000000000000107,-1.44,2238.387
1467,2022/02/14,13.55,13.9,13.55,13.9,0.15000000000000036,1.09,662.607
1467,2022/02/11,13.65,13.75,13.65,13.75,0.05000000000000071,0.36,71.077
1467,2022/02/10,13.8,13.8,13.65,13.7,0,0.00,297.739
1467,2022/02/09,13.75,13.9,13.65,13.7,0.09999999999999964,0.74,1589.407
1467,2022/02/08,13.8,13.8,13.55,13.6,-0.09999999999999964,-0.73,372.674
1467,2022/02/07,13.7,13.95,13.65,13.7,0,0.00,1049.366
1467,2022/01/26,13.6,13.75,13.55,13.7,0.049999999999998934,0.37,265.79
1467,2022/01/25,13.7,13.75,13.5,13.65,-0.049999999999998934,-0.36,390.717
1467,2022/01/24,13.5,13.75,13.3,13.7,0.1999999999999993,1.48,670.1
1467,2022/01/21,13.75,13.75,13.5,13.5,-0.25,-1.82,409.858
1467,2022/01/20,13.7,13.95,13.45,13.75,0.15000000000000036,1.10,979.19
1467,2022/01/19,13.65,13.7,13.55,13.6,-0.05000000000000071,-0.37,325.256
1467,2022/01/18,13.65,13.8,13.6,13.65,0,0.00,168.661
1467,2022/01/17,13.65,13.95,13.5,13.65,0,0.00,817.18
1467,2022/01/14,13.8,14,13.5,13.65,-0.049999999999998934,-0.36,639.268
1467,2022/01/13,13.75,13.85,13.7,13.7,-0.10000000000000142,-0.72,134.708
1467,2022/01/12,13.8,13.85,13.7,13.8,0,0.00,447.362
1467,2022/01/11,13.8,14.15,13.75,13.8,-0.049999999999998934,-0.36,728.217
1467,2022/01/10,13.9,14,13.75,13.85,-0.09999999999999964,-0.72,191.304
1467,2022/01/07,14.5,14.5,13.9,13.95,-0.3500000000000014,-2.45,646.237
1467,2022/01/06,14.3,14.5,14.3,14.3,0.05000000000000071,0.35,912.1
1467,2022/01/05,14.2,14.3,14.2,14.25,0.05000000000000071,0.35,299.999
1467,2022/01/04,14.15,14.35,14.1,14.2,0.09999999999999964,0.71,643.257
1467,2022/01/03,14.3,14.5,14.05,14.1,-0.09999999999999964,-0.70,740.111
1467,2021/12/30,13.95,14.4,13.95,14.2,0.29999999999999893,2.16,1590.811
1467,2021/12/29,13.9,14.1,13.9,13.9,0.05000000000000071,0.36,1504.886
1467,2021/12/28,13.9,13.9,13.8,13.85,-0.05000000000000071,-0.36,210.68
1467,2021/12/27,13.9,13.9,13.75,13.9,0.05000000000000071,0.36,267.958
1467,2021/12/24,13.85,14,13.75,13.85,0.049999999999998934,0.36,449.9
1467,2021/12/23,13.85,13.85,13.7,13.8,0.05000000000000071,0.36,132.013
1467,2021/12/22,13.8,13.8,13.75,13.75,0,0.00,257.07
1467,2021/12/21,13.85,13.85,13.7,13.75,0.05000000000000071,0.36,352.998
1467,2021/12/20,13.9,13.9,13.7,13.7,-0.10000000000000142,-0.72,260.591
1467,2021/12/17,13.85,14,13.8,13.8,-0.049999999999998934,-0.36,452.988
1467,2021/12/16,13.9,13.95,13.8,13.85,0,0.00,250.924
1467,2021/12/15,13.7,14,13.65,13.85,0.15000000000000036,1.09,503.485
1467,2021/12/14,13.8,13.95,13.7,13.7,-0.10000000000000142,-0.72,1142.375
1467,2021/12/13,13.9,14.2,13.8,13.8,-0.14999999999999858,-1.08,958.444
1467,2021/12/10,14.15,14.15,13.9,13.95,-0.10000000000000142,-0.71,594.91
1467,2021/12/09,14.1,14.25,14,14.05,0.05000000000000071,0.36,743.99
1467,2021/12/08,14.25,14.25,14,14,0.05000000000000071,0.36,392.17
1467,2021/12/07,14.1,14.2,13.95,13.95,-0.10000000000000142,-0.71,603.347
1467,2021/12/06,13.95,14.2,13.85,14.05,0.20000000000000107,1.44,422.398
1467,2021/12/03,13.85,13.95,13.8,13.85,0.049999999999998934,0.36,344.054
1467,2021/12/02,13.8,14.1,13.8,13.8,-0.049999999999998934,-0.36,1206.486
1467,2021/12/01,13.9,14.1,13.7,13.85,0.049999999999998934,0.36,1264.883
1467,2021/11/30,13.95,13.95,13.7,13.8,0,0.00,691.274
1467,2021/11/29,13.65,14.05,13.5,13.8,-0.14999999999999858,-1.08,1356.428
1467,2021/11/26,14.1,14.1,13.75,13.95,-0.15000000000000036,-1.06,1690.676
1467,2021/11/25,14.35,14.35,14,14.1,-0.09999999999999964,-0.70,853.647
1467,2021/11/24,14.75,14.75,14.05,14.2,-0.05000000000000071,-0.35,1506.931
1467,2021/11/23,15.1,15.1,14.25,14.25,-0.8000000000000007,-5.32,3421.021
1467,2021/11/22,15.5,16.25,15.05,15.05,0,0.00,10253.45
1467,2021/11/19,14.1,15.4,14.1,15.05,1.0500000000000007,7.50,10785.167
1467,2021/11/18,14.1,14.15,13.8,14,-0.05000000000000071,-0.36,2277.604
1467,2021/11/17,14.05,14.15,13.75,14.05,0.05000000000000071,0.36,3905.201
1467,2021/11/16,13.7,14,13.6,14,0.3000000000000007,2.19,1648.234
1467,2021/11/15,13.75,13.75,13.5,13.7,0.049999999999998934,0.37,538.214
1467,2021/11/12,13.85,13.85,13.65,13.65,-0.049999999999998934,-0.36,391.04
1467,2021/11/11,13.85,13.85,13.65,13.7,-0.10000000000000142,-0.72,790.569
1467,2021/11/10,13.95,13.95,13.7,13.8,-0.049999999999998934,-0.36,888.25
1467,2021/11/09,13.8,13.85,13.7,13.85,0.15000000000000036,1.09,819.404
1467,2021/11/08,13.75,13.9,13.7,13.7,0,0.00,455.998
1467,2021/11/05,13.85,13.9,13.65,13.7,-0.05000000000000071,-0.36,1606.73
1467,2021/11/04,14.05,14.05,13.6,13.75,0,0.00,925.144
1467,2021/11/03,13.9,13.9,13.65,13.75,0,0.00,529.805
1467,2021/11/02,13.85,13.95,13.65,13.75,-0.05000000000000071,-0.36,652.433
1467,2021/11/01,13.9,14,13.8,13.8,-0.09999999999999964,-0.72,571.806
1467,2021/10/29,14.15,14.15,13.9,13.9,-0.15000000000000036,-1.07,782.414
1467,2021/10/28,14.25,14.25,14.05,14.05,-0.09999999999999964,-0.71,236.787
1467,2021/10/27,14.15,14.3,14,14.15,0.05000000000000071,0.35,3522.337
1467,2021/10/26,14.05,14.2,13.95,14.1,0.09999999999999964,0.71,1729.337
1467,2021/10/25,14.05,14.35,13.85,14,-0.05000000000000071,-0.36,3787.222
1467,2021/10/22,14.25,14.3,13.9,14.05,-0.14999999999999858,-1.06,1229.538
1467,2021/10/21,14.45,14.5,14.2,14.2,-0.10000000000000142,-0.70,958.225
1467,2021/10/20,14.25,14.45,14.2,14.3,0.10000000000000142,0.70,1147.037
1467,2021/10/19,14.2,14.35,14.15,14.2,0,0.00,1112.412
1467,2021/10/18,14.15,14.25,14.1,14.2,0.09999999999999964,0.71,745.59
1467,2021/10/15,14.25,14.3,14.1,14.1,-0.05000000000000071,-0.35,989.07
1467,2021/10/14,14.3,14.3,14.05,14.15,-0.049999999999998934,-0.35,355.588
1467,2021/10/13,14.2,14.35,14,14.2,0.049999999999998934,0.35,1394.566
1467,2021/10/12,14.05,14.6,14,14.15,0,0.00,2682.094
1467,2021/10/08,14.4,14.4,14.15,14.15,-0.09999999999999964,-0.70,651.467
1467,2021/10/07,14.25,14.5,14.1,14.25,-0.05000000000000071,-0.35,2128.36
1467,2021/10/06,14.4,14.6,14.15,14.3,0,0.00,2078.073
1467,2021/10/05,14.25,14.4,14.05,14.3,0.05000000000000071,0.35,1894.368
1467,2021/10/04,14.45,14.6,14.05,14.25,-0.09999999999999964,-0.70,1736.73
1467,2021/10/01,14,14.35,13.85,14.35,0.34999999999999964,2.50,2310.354
1467,2021/09/30,14.3,14.65,14,14,-0.05000000000000071,-0.36,3404.258
1467,2021/09/29,14.1,14.4,13.95,14.05,0,0.00,2004.346
1467,2021/09/28,13.9,14.4,13.9,14.05,-0.14999999999999858,-1.06,1184.323
1467,2021/09/27,14.3,14.3,14.05,14.2,0,0.00,685.672
1467,2021/09/24,14.15,14.4,13.85,14.2,0.09999999999999964,0.71,3585.273
1467,2021/09/23,14.2,14.35,14.1,14.1,-0.09999999999999964,-0.70,1165.373
1467,2021/09/22,14.2,14.4,14,14.2,-0.25,-1.73,1645.565
1467,2021/09/17,14.35,14.6,14.2,14.45,0.049999999999998934,0.35,2571.558
1467,2021/09/16,14.35,14.5,14.25,14.4,0.05000000000000071,0.35,281.729
1467,2021/09/15,14.35,14.7,14.05,14.35,0,0.00,1776.252
1467,2021/09/14,14.4,14.5,14.15,14.35,-0.05000000000000071,-0.35,756.29
1467,2021/09/13,13.8,14.65,13.7,14.4,-0.6500000000000004,-4.32,1512.243
1467,2021/09/10,14.6,15.1,14.55,15.05,0.5500000000000007,3.79,932.062
1467,2021/09/09,14.6,14.7,14.5,14.5,-0.15000000000000036,-1.02,283.155
1467,2021/09/08,15.1,15.1,14.5,14.65,-0.40000000000000036,-2.66,1020.311
1467,2021/09/07,14.9,15.2,14.75,15.05,0.05000000000000071,0.33,770.058
1467,2021/09/06,14.8,15,14.5,15,0.05000000000000071,0.33,919.203
1467,2021/09/03,14.5,15.1,14.5,14.95,0.4499999999999993,3.10,2470.941
1467,2021/09/02,15.1,15.15,14.5,14.5,-0.6500000000000004,-4.29,3110.954
1467,2021/09/01,15.15,15.3,15.1,15.15,-0.049999999999998934,-0.33,259.2
1467,2021/08/31,15.45,15.5,15.1,15.2,-0.20000000000000107,-1.30,358.291
1467,2021/08/30,15.65,15.8,15.4,15.4,-0.1999999999999993,-1.28,680.382
1467,2021/08/27,15.2,15.8,15,15.6,0.5499999999999989,3.65,3712.278
1467,2021/08/26,15.3,15.45,15.05,15.05,-0.1999999999999993,-1.31,804.181
1467,2021/08/25,14.95,15.4,14.95,15.25,0.15000000000000036,0.99,2669.513
1467,2021/08/24,15.15,15.15,14.9,15.1,0.25,1.68,650.492
1467,2021/08/23,14.8,15.35,14.8,14.85,-0.15000000000000036,-1.00,3728.306
1467,2021/08/20,15.05,15.15,14.3,15,0.1999999999999993,1.35,3848.657
1467,2021/08/19,15,15.15,14.35,14.8,-0.14999999999999858,-1.00,4411.313
1467,2021/08/18,14.6,15.1,14,14.95,0.09999999999999964,0.67,7012.766
1467,2021/08/17,13.6,14.85,13.6,14.85,1.3499999999999996,10.00,5907.784
1467,2021/08/16,14,14.1,13.3,13.5,-0.8000000000000007,-5.59,1485.332
1467,2021/08/13,14.65,14.65,14.25,14.3,-0.25,-1.72,223.8
1467,2021/08/12,14.85,14.85,14.45,14.55,0.10000000000000142,0.69,228.93
1467,2021/08/11,14.5,15,14.25,14.45,-0.15000000000000036,-1.03,487.516
1467,2021/08/10,14.65,14.75,14.6,14.6,-0.09999999999999964,-0.68,220.58
1467,2021/08/09,14.9,14.9,14.6,14.7,-0.20000000000000107,-1.34,307.407
1467,2021/08/06,15.05,15.15,14.9,14.9,-0.15000000000000036,-1.00,284.101
1467,2021/08/05,14.9,15.1,14.85,15.05,0.15000000000000036,1.01,351.467
1467,2021/08/04,14.95,15.05,14.7,14.9,0.09999999999999964,0.68,382.72
1467,2021/08/03,14.8,14.9,14.75,14.8,0,0.00,131.694
1467,2021/08/02,15.05,15.05,14.7,14.8,-0.049999999999998934,-0.34,272.477
1467,2021/07/30,15.25,15.25,14.85,14.85,-0.25,-1.66,260.649
1467,2021/07/29,14.8,15.1,14.8,15.1,0.34999999999999964,2.37,332.338
1467,2021/07/28,14.7,15,14.45,14.75,0.05000000000000071,0.34,454.864
1467,2021/07/27,15,15,14.7,14.7,-0.3500000000000014,-2.33,649.968
1467,2021/07/26,15.2,15.25,14.95,15.05,-0.14999999999999858,-0.99,499.276
1467,2021/07/23,14.95,15.5,14.8,15.2,0.4499999999999993,3.05,956.661
1467,2021/07/22,14.85,15.1,14.75,14.75,-0.05000000000000071,-0.34,467.704
1467,2021/07/21,15.6,15.6,14.75,14.8,-0.5,-3.27,987.449
1467,2021/07/20,15.45,15.65,15.3,15.3,-0.34999999999999964,-2.24,361.102
1467,2021/07/19,15.6,15.75,15.35,15.65,0.09999999999999964,0.64,346.042
1467,2021/07/16,15.85,15.85,15.45,15.55,-0.25,-1.58,465.338
1467,2021/07/15,15.3,16,15.2,15.8,0.6000000000000014,3.95,999.487
1467,2021/07/14,15.55,15.6,15.15,15.2,-0.3500000000000014,-2.25,1164.579
1467,2021/07/13,16.2,16.25,15.5,15.55,-0.6499999999999986,-4.01,1195.484
1467,2021/07/12,16.4,16.4,16.1,16.2,-0.1999999999999993,-1.22,770.209
1467,2021/07/09,16.6,16.6,16.35,16.4,-0.20000000000000284,-1.20,426.055
1467,2021/07/08,16.6,16.65,16.45,16.6,0.10000000000000142,0.61,391.504
1467,2021/07/07,16.75,16.75,16.4,16.5,-0.10000000000000142,-0.60,504.581
1467,2021/07/06,16.7,16.8,16.55,16.6,0,0.00,336.573
1467,2021/07/05,17,17,16.6,16.6,-0.09999999999999787,-0.60,422.111
1467,2021/07/02,16.75,17.1,16.6,16.7,0.09999999999999787,0.60,1096.81
1467,2021/07/01,17.05,17.2,16.55,16.6,-0.25,-1.48,1111.235
1467,2021/06/30,16.65,17,16.45,16.85,0.3500000000000014,2.12,1126.333
1467,2021/06/29,16.8,16.8,16.4,16.5,-0.3000000000000007,-1.79,673.665
1467,2021/06/28,16.7,16.9,16.65,16.8,0.10000000000000142,0.60,433.808
1467,2021/06/25,16.9,16.9,16.65,16.7,0,0.00,532.982
1467,2021/06/24,16.5,16.85,16.5,16.7,0.3000000000000007,1.83,798.748
1467,2021/06/23,16.6,16.6,16.35,16.4,0.14999999999999858,0.92,584.32
1467,2021/06/22,16.6,16.6,16.25,16.25,-0.05000000000000071,-0.31,591.02
1467,2021/06/21,16.3,16.6,16.25,16.3,-0.3000000000000007,-1.81,1167.674
1467,2021/06/18,16.7,16.95,16.55,16.6,-0.09999999999999787,-0.60,800.676
1467,2021/06/17,16.6,16.9,16.5,16.7,0.09999999999999787,0.60,738.681
1467,2021/06/16,16.55,17.05,16.45,16.6,-0.14999999999999858,-0.90,829.882
1467,2021/06/15,17,17.1,16.65,16.75,-0.25,-1.47,957.468
1467,2021/06/11,17.55,17.7,16.9,17,-0.6000000000000014,-3.41,2285.93
1467,2021/06/10,17.7,17.8,17.45,17.6,-0.14999999999999858,-0.85,1288.282
1467,2021/06/09,17.95,17.95,17.65,17.75,-0.10000000000000142,-0.56,1174.771
1467,2021/06/08,17.95,18.05,17.8,17.85,0.10000000000000142,0.56,758.766
1467,2021/06/07,17.7,17.95,17.3,17.75,0.10000000000000142,0.57,1173.409
1467,2021/06/04,18.1,18.1,17.6,17.65,-0.25,-1.40,1628.177
1467,2021/06/03,17.6,18.25,17.6,17.9,0.34999999999999787,1.99,2159.903
1467,2021/06/02,17.75,18,17.5,17.55,-0.25,-1.40,1406.037
1467,2021/06/01,17.6,17.9,17.35,17.8,0.1999999999999993,1.14,1376.312
1467,2021/05/31,18,18,17.55,17.6,-0.29999999999999716,-1.68,1638.901
1467,2021/05/28,18,18.2,17.8,17.9,0.14999999999999858,0.85,889.628
1467,2021/05/27,18.2,18.2,17.7,17.75,-0.25,-1.39,1344.41
1467,2021/05/26,18.1,18.3,17.8,18,0.10000000000000142,0.56,1231.205
1467,2021/05/25,18.8,18.85,17.75,17.9,-0.40000000000000213,-2.19,2566.45
1467,2021/05/24,18.6,19.15,18.2,18.3,0,0.00,3855.567
1467,2021/05/21,19,19.15,18.2,18.3,-0.1999999999999993,-1.08,3393.544
1467,2021/05/20,19.05,19.65,18.5,18.5,-0.5,-2.63,2831.831
1467,2021/05/19,18.95,19.9,18.75,19,0.3500000000000014,1.88,6454.727
1467,2021/05/18,18.4,19.45,18,18.65,0.25,1.36,8919.799
1467,2021/05/17,15.5,18.4,15.3,18.4,1.6499999999999986,9.85,9102.517
1467,2021/05/14,18,18,16.3,16.75,-0.4499999999999993,-2.62,2113.072
1467,2021/05/13,17.05,17.95,16.3,17.2,-0.5500000000000007,-3.10,2198.516
1467,2021/05/12,19.1,19.55,17.4,17.75,-1.5500000000000007,-8.03,4548.737
1467,2021/05/11,20.1,20.75,18.7,19.3,-0.5999999999999979,-3.02,4296.098
1467,2021/05/10,19.35,20.15,19.15,19.9,0.8499999999999979,4.46,2767.8
1467,2021/05/07,19.05,19.2,18.4,19.05,0.4499999999999993,2.42,1530.272
1467,2021/05/06,19.3,19.65,18.1,18.6,-0.3999999999999986,-2.11,3042.855
1467,2021/05/05,20.1,20.1,18.95,19,-1.0500000000000007,-5.24,3739.305
1467,2021/05/04,22.45,23.15,19.95,20.05,-2.099999999999998,-9.48,8668.831
1467,2021/05/03,22.05,23.5,21.95,22.15,0.1999999999999993,0.91,16007.929
1467,2021/04/29,23,23.95,21.95,21.95,-0.6500000000000021,-2.88,12072.908
1467,2021/04/28,22.75,23.7,22,22.6,-0.14999999999999858,-0.66,13499.925
1467,2021/04/27,21.85,22.8,21.5,22.75,0.8999999999999986,4.12,11143.523
1467,2021/04/26,21.65,22.4,21.3,21.85,0.3000000000000007,1.39,5119.976
1467,2021/04/23,21,21.9,20.9,21.55,0.6500000000000021,3.11,3465.252
1467,2021/04/22,22.75,23.45,20.7,20.9,-1.5,-6.70,7029.782
1467,2021/04/21,22.05,22.6,21.85,22.4,0.34999999999999787,1.59,3554.486
1467,2021/04/20,23.3,23.7,21.95,22.05,-1.0500000000000007,-4.55,6045.825
1467,2021/04/19,22.4,23.25,22.1,23.1,1.1000000000000014,5.00,10426.595
1467,2021/04/16,21.5,22.2,21.25,22,1.1999999999999993,5.77,7997.556
1467,2021/04/15,21.15,21.3,20.65,20.8,0.05000000000000071,0.24,2723.557
1467,2021/04/14,21,22.5,20.05,20.75,-0.5,-2.35,9011.694
1467,2021/04/13,22.1,23.4,20.9,21.25,-1.1499999999999986,-5.13,19809.111
1467,2021/04/12,20.05,22.4,20.05,22.4,2,9.80,12104.522
1467,2021/04/09,19.5,20.5,19.35,20.4,1,5.15,10114.258
1467,2021/04/08,19.2,19.75,19.1,19.4,-0.05000000000000071,-0.26,3741.809
1467,2021/04/07,19.15,19.7,19.1,19.45,0.3999999999999986,2.10,3374.319
1467,2021/04/06,19.35,19.45,19,19.05,-0.25,-1.30,3126.228
1467,2021/04/01,19.7,20,19.25,19.3,-0.3999999999999986,-2.03,2198.17
1467,2021/03/31,19.6,19.75,19.4,19.7,0.14999999999999858,0.77,3714.16
1467,2021/03/30,20.2,20.25,19.4,19.55,-0.5999999999999979,-2.98,5376.448
1467,2021/03/29,20.7,20.8,19.9,20.15,-0.3500000000000014,-1.71,6281.681
1467,2021/03/26,19.8,20.7,19.7,20.5,0.6499999999999986,3.27,9989.844
1467,2021/03/25,20.05,20.4,19.6,19.85,0.10000000000000142,0.51,6477.7
1467,2021/03/24,18.7,20.1,18.4,19.75,1.0500000000000007,5.61,12855.874
1467,2021/03/23,18.8,18.95,18.2,18.7,-0.05000000000000071,-0.27,3117.191
1467,2021/03/22,18.65,18.75,18,18.75,0.25,1.35,5572.873
1467,2021/03/19,18.8,18.8,17.8,18.5,-0.3500000000000014,-1.86,4616.947
1467,2021/03/18,18.6,19.15,18.6,18.85,0.25,1.34,5052.401
1467,2021/03/17,19.2,19.25,18.55,18.6,-0.5999999999999979,-3.12,2244.565
1467,2021/03/16,18.65,19.4,18.6,19.2,0.3999999999999986,2.13,5098.496
1467,2021/03/15,18.3,18.8,18.2,18.8,0.40000000000000213,2.17,3878.646
1467,2021/03/12,18.5,18.6,17.95,18.4,-0.05000000000000071,-0.27,1282.215
1467,2021/03/11,18.1,18.6,18.05,18.45,0.6499999999999986,3.65,3071.177
1467,2021/03/10,17.9,18,17.75,17.8,0.05000000000000071,0.28,855.027
1467,2021/03/09,18,18,17.65,17.75,-0.10000000000000142,-0.56,830.259
1467,2021/03/08,18,18,17.85,17.85,-0.14999999999999858,-0.83,557.122
1467,2021/03/05,18.05,18.15,17.9,18,-0.05000000000000071,-0.28,726.423
1467,2021/03/04,18.3,18.3,17.9,18.05,-0.1999999999999993,-1.10,666.398
1467,2021/03/03,18.5,18.6,18.05,18.25,-0.3500000000000014,-1.88,1952.436
1467,2021/03/02,18.6,19,18.3,18.6,0.20000000000000284,1.09,4915.914
1467,2021/02/26,18.8,19.8,18.4,18.4,-0.3000000000000007,-1.60,3755.355
1467,2021/02/25,18.55,18.85,18.4,18.7,0.1999999999999993,1.08,1742.353
1467,2021/02/24,18.7,18.95,18.45,18.5,-0.10000000000000142,-0.54,2083.643
1467,2021/02/23,18.6,18.85,18.4,18.6,0,0.00,1793.075
1467,2021/02/22,18.15,18.85,18.1,18.6,0.5,2.76,2785.744
1467,2021/02/19,17.95,18.15,17.85,18.1,0.10000000000000142,0.56,710.321
1467,2021/02/18,17.8,18.05,17.7,18,0.10000000000000142,0.56,1658.995
1467,2021/02/17,18.7,18.7,17.8,17.9,-0.9500000000000028,-5.04,2526.189
1467,2021/02/05,18.1,19.1,18.1,18.85,0.45000000000000284,2.45,5209.342
1467,2021/02/04,18,18.45,17.7,18.4,0.3999999999999986,2.22,1638.864
1467,2021/02/03,18.1,18.2,17.8,18,-0.05000000000000071,-0.28,704.025
1467,2021/02/02,17.8,18.7,17.8,18.05,-0.25,-1.37,2241.804
1467,2021/02/01,17.65,18.35,16.65,18.3,0.6500000000000021,3.68,4039.28
1467,2021/01/29,17.7,17.95,17.55,17.65,0,0.00,2198.092
1467,2021/01/28,17.9,18.1,17.6,17.65,-0.45000000000000284,-2.49,1400.457
1467,2021/01/27,18,18.15,17.85,18.1,0.20000000000000284,1.12,1094.131
1467,2021/01/26,18.25,18.3,17.85,17.9,-0.40000000000000213,-2.19,1110.091
1467,2021/01/25,18.5,18.6,18.15,18.3,0.1999999999999993,1.10,1157.913
1467,2021/01/22,18.25,18.65,18,18.1,-0.14999999999999858,-0.82,1404.158
1467,2021/01/21,19.05,19.1,18.2,18.25,-0.6499999999999986,-3.44,1391.865
1467,2021/01/20,19.05,19.35,18.9,18.9,-0.15000000000000213,-0.79,1652.77
1467,2021/01/19,19.15,19.4,18.9,19.05,-0.05000000000000071,-0.26,1013.553
1467,2021/01/18,19.4,19.8,18.95,19.1,0.25,1.33,3434.696
1467,2021/01/15,18.75,18.85,18.4,18.85,0.05000000000000071,0.27,1755.756
1467,2021/01/14,19.1,19.1,18.75,18.8,-0.3000000000000007,-1.57,1817.326
1467,2021/01/13,19.75,19.8,19.1,19.1,-1.0499999999999972,-5.21,3511.769
1467,2021/01/12,19.05,20.45,18.7,20.15,1.2999999999999972,6.90,8351.113
1467,2021/01/11,19.05,19.2,18.8,18.85,-0.3999999999999986,-2.08,1024.148
1467,2021/01/08,19.35,19.65,18.9,19.25,-0.05000000000000071,-0.26,1900.846
1467,2021/01/07,19.25,19.85,19.25,19.3,0.15000000000000213,0.78,1099.776
1467,2021/01/06,19.55,19.85,19.05,19.15,-0.3500000000000014,-1.79,3356.32
1467,2021/01/05,19.8,19.8,19.45,19.5,-0.05000000000000071,-0.26,1471.147
1467,2021/01/04,19.9,20.05,19.5,19.55,-0.34999999999999787,-1.76,2312.838
1467,2020/12/31,20.1,20.2,19.7,19.9,0.09999999999999787,0.51,2285.335
1467,2020/12/30,20.25,20.25,19.8,19.8,-0.14999999999999858,-0.75,1388.926
1467,2020/12/29,20.25,20.45,19.9,19.95,-0.3000000000000007,-1.48,2269.03
1467,2020/12/28,19.4,20.6,19.4,20.25,0.75,3.85,7087.933
1467,2020/12/25,20.2,20.2,19.4,19.5,-0.3500000000000014,-1.76,1256.413
1467,2020/12/24,19.75,20.2,19.65,19.85,0.20000000000000284,1.02,1847.58
1467,2020/12/23,20.45,20.45,19.6,19.65,-0.6500000000000021,-3.20,2489.526
1467,2020/12/22,19.9,20.3,19.55,20.3,0.3000000000000007,1.50,3172.761
1467,2020/12/21,19.35,20.2,19.35,20,0.6499999999999986,3.36,3389.57
1467,2020/12/18,19.15,19.9,18.9,19.35,0.20000000000000284,1.04,3368.583
1467,2020/12/17,20.2,20.4,19.05,19.15,-1.0500000000000007,-5.20,5982.249
1467,2020/12/16,21.9,21.9,20.1,20.2,-0.75,-3.58,19062.568
1467,2020/12/15,19.05,20.95,19.05,20.95,1.8999999999999986,9.97,13533.532
1467,2020/12/14,19.6,19.65,18.85,19.05,-0.3999999999999986,-2.06,3463.63
1467,2020/12/11,19,19.45,19,19.45,0.5500000000000007,2.91,6648.012
1467,2020/12/10,18.1,18.95,18.1,18.9,0.7999999999999972,4.42,4037.545
1467,2020/12/09,18.7,18.7,18.05,18.1,-0.1999999999999993,-1.09,1501.963
1467,2020/12/08,17.65,18.45,17.65,18.3,0.6000000000000014,3.39,1754.474
1467,2020/12/07,17.85,18.2,17.6,17.7,-0.15000000000000213,-0.84,1879.324
1467,2020/12/04,18.1,18.15,17.8,17.85,-0.25,-1.38,1814.661
1467,2020/12/03,18.35,18.45,18,18.1,-0.1999999999999993,-1.09,1220.936
1467,2020/12/02,18.7,18.85,18.3,18.3,-0.3000000000000007,-1.61,2010.265
1467,2020/12/01,19.05,19.05,18.55,18.6,-0.1999999999999993,-1.06,892.195
1467,2020/11/30,19.3,19.3,18.8,18.8,-0.3000000000000007,-1.57,1103.896
1467,2020/11/27,18.95,19.2,18.7,19.1,0.3500000000000014,1.87,872.169
1467,2020/11/26,19,19.2,18.65,18.75,-0.05000000000000071,-0.27,1477.102
1467,2020/11/25,19.15,19.15,18.35,18.8,-0.09999999999999787,-0.53,3423.89
1467,2020/11/24,19.7,19.8,18.8,18.9,-0.9500000000000028,-4.79,3230.642
1467,2020/11/23,20,20.65,19.55,19.85,0.15000000000000213,0.76,8322.35
1467,2020/11/20,19.1,19.85,18.85,19.7,0.8000000000000007,4.23,6685.485
1467,2020/11/19,18.6,19.05,18.4,18.9,0.25,1.34,2122.111
1467,2020/11/18,18.1,18.75,17.85,18.65,0.7999999999999972,4.48,3923.533
1467,2020/11/17,18.25,18.3,17.75,17.85,-0.04999999999999716,-0.28,2088.237
1467,2020/11/16,19.1,19.3,17.85,17.9,-1.25,-6.53,4961.776
1467,2020/11/13,19.2,19.9,18.65,19.15,1,5.51,8928.029
1467,2020/11/12,17.75,18.25,17.65,18.15,0.3999999999999986,2.25,2510.382
1467,2020/11/11,18.55,18.55,17.55,17.75,-0.9499999999999993,-5.08,5422.8
1467,2020/11/10,19.1,19.1,18.55,18.7,-0.05000000000000071,-0.27,1676.5
1467,2020/11/09,18.8,19.4,18.7,18.75,0,0.00,3788.485
1467,2020/11/06,18.8,19,18.65,18.75,0,0.00,862.001
1467,2020/11/05,18.8,19.05,18.6,18.75,0,0.00,1060.25
1467,2020/11/04,18.75,19,18.4,18.75,0,0.00,1468.004
1467,2020/11/03,19.05,19.1,18.55,18.75,-0.05000000000000071,-0.27,1180.9
1467,2020/11/02,18.4,19.3,18.35,18.8,0.5500000000000007,3.01,3769.209
1467,2020/10/30,18.25,18.4,18.1,18.25,0,0.00,829.58
1467,2020/10/29,18.1,18.55,18.1,18.25,0.10000000000000142,0.55,945.498
1467,2020/10/28,18.2,18.65,18.15,18.15,-0.10000000000000142,-0.55,1099.986
1467,2020/10/27,18.2,18.6,18.2,18.25,-0.10000000000000142,-0.54,859.03
1467,2020/10/26,18.25,18.55,18.05,18.35,0.05000000000000071,0.27,743.385
1467,2020/10/23,18.3,18.45,18.05,18.3,0,0.00,985.9
1467,2020/10/22,18.45,18.65,18.2,18.3,-0.09999999999999787,-0.54,784.5
1467,2020/10/21,18.65,18.65,18.35,18.4,-0.10000000000000142,-0.54,743.2
1467,2020/10/20,18.7,19.15,18.3,18.5,-0.10000000000000142,-0.54,3000.156
1467,2020/10/19,18.65,18.7,18.3,18.6,0.05000000000000071,0.27,1107.337
1467,2020/10/16,18.9,19.25,18.5,18.55,-0.09999999999999787,-0.54,2898.54
1467,2020/10/15,18.85,19.3,18.6,18.65,-0.20000000000000284,-1.06,1217.837
1467,2020/10/14,18.3,19.15,18.3,18.85,0.5500000000000007,3.01,3127.81
1467,2020/10/13,18.65,19.05,18.2,18.3,0.3500000000000014,1.95,2562.144
1467,2020/10/12,18.35,18.4,17.6,17.95,-0.40000000000000213,-2.18,1510.103
1467,2020/10/08,18.75,18.95,18.2,18.35,-0.3999999999999986,-2.13,1082.119
1467,2020/10/07,19,19,18.6,18.75,-0.14999999999999858,-0.79,700.308
1467,2020/10/06,18.75,19.2,18.65,18.9,0.14999999999999858,0.80,1013.33
1467,2020/10/05,18.3,19.85,18.3,18.75,0.4499999999999993,2.46,4701.63
1467,2020/09/30,17.85,18.85,17,18.3,0.5500000000000007,3.10,2178.589
1467,2020/09/29,18.35,18.6,17.7,17.75,-0.6000000000000014,-3.27,1384.7
1467,2020/09/28,18,18.65,17.65,18.35,0.5500000000000007,3.09,1456.451
1467,2020/09/25,19.65,19.8,17.55,17.8,-1.5999999999999979,-8.25,4202.37
1467,2020/09/24,19.9,20,19.4,19.4,-0.45000000000000284,-2.27,2010.882
1467,2020/09/23,20,20.45,19.55,19.85,0.15000000000000213,0.76,2173.03
1467,2020/09/22,20.1,20.3,19.6,19.7,-0.6500000000000021,-3.19,2354.101
1467,2020/09/21,21.25,21.95,20.1,20.35,-0.5999999999999979,-2.86,5610.76
1467,2020/09/18,19.85,21.25,19.75,20.95,1.25,6.35,6746.214
1467,2020/09/17,20,20.15,19.7,19.7,-0.10000000000000142,-0.51,1361.1
1467,2020/09/16,20.4,20.5,19.8,19.8,-0.3999999999999986,-1.98,2817.201
1467,2020/09/15,21,21,20.1,20.2,-0.9000000000000021,-4.27,4165.507
1467,2020/09/14,20.6,21.3,20.6,21.1,0.5500000000000007,2.68,5820.599
1467,2020/09/11,20,21.3,19.85,20.55,0.9499999999999993,4.85,9624.856
1467,2020/09/10,19.55,20.4,19.55,19.6,0.15000000000000213,0.77,2270.925
1467,2020/09/09,19.7,19.7,19.3,19.45,-0.1999999999999993,-1.02,1339.584
1467,2020/09/08,19.95,20.2,19.6,19.65,-0.10000000000000142,-0.51,1128.356
1467,2020/09/07,20,20.9,19.3,19.75,-0.14999999999999858,-0.75,3747.86
1467,2020/09/04,19.85,20.5,19.6,19.9,-0.10000000000000142,-0.50,1646.715
1467,2020/09/03,20.6,20.7,20,20,-0.1999999999999993,-0.99,1670.6
1467,2020/09/02,20.35,20.7,20.1,20.2,-0.15000000000000213,-0.74,1354.7
1467,2020/09/01,20.6,21.05,20.3,20.35,-0.25,-1.21,1029.221
1467,2020/08/31,20.5,21.25,20.5,20.6,0.20000000000000284,0.98,1298.282
1467,2020/08/28,20.5,21.25,20.35,20.4,0.04999999999999716,0.25,1543.383
1467,2020/08/27,21.1,21.15,20.2,20.35,-0.5999999999999979,-2.86,1945.12
1467,2020/08/26,21.35,21.35,20.75,20.95,-0.1999999999999993,-0.95,1370.45
1467,2020/08/25,21.5,21.5,21.1,21.15,0.09999999999999787,0.48,1299.44
1467,2020/08/24,21.3,21.55,20.9,21.05,0.4499999999999993,2.18,1706.606
1467,2020/08/21,20.35,21.3,20.35,20.6,0.3500000000000014,1.73,1312.325
1467,2020/08/20,21.6,21.75,19.85,20.25,-0.9499999999999993,-4.48,3055.552
1467,2020/08/19,21.7,22.1,21.15,21.2,-0.40000000000000213,-1.85,1355.101
1467,2020/08/18,22.15,22.45,21.55,21.6,-0.6499999999999986,-2.92,1668.555
1467,2020/08/17,22.5,22.6,22,22.25,-0.6000000000000014,-2.63,1793.1
1467,2020/08/14,21.15,22.95,21.1,22.85,1.75,8.29,2678.508
1467,2020/08/13,22.6,22.85,21.1,21.1,-1.3999999999999986,-6.22,2816.89
1467,2020/08/12,23.3,23.9,22.2,22.5,-0.8999999999999986,-3.85,2329.404
1467,2020/08/11,25.4,26.25,23.05,23.4,-1.2000000000000028,-4.88,4520.3
1467,2020/08/10,24,24.95,24,24.6,-0.34999999999999787,-1.40,2806.3
1467,2020/08/07,25,25.25,24.3,24.95,-0.3000000000000007,-1.19,2759.046
1467,2020/08/06,24.95,26,24,25.25,0.75,3.06,4714.33
1467,2020/08/05,24.85,25.3,24,24.5,-0.8500000000000014,-3.35,3997.567
1467,2020/08/04,24,25.75,23,25.35,1.9000000000000021,8.10,6843.152
1467,2020/08/03,22,23.45,21.8,23.45,2.099999999999998,9.84,2544.364
1467,2020/07/31,21.3,21.55,20.65,21.35,0.05000000000000071,0.23,1172.187
1467,2020/07/30,20.3,21.6,20,21.3,1,4.93,1695.714
1467,2020/07/29,20.05,20.85,20,20.3,0.3000000000000007,1.50,1319.4
1467,2020/07/28,20.5,20.95,19.6,20,-0.8500000000000014,-4.08,2374.98
1467,2020/07/27,22.2,22.35,20.7,20.85,-1.2999999999999972,-5.87,2379.015
1467,2020/07/24,21.7,23,21.5,22.15,0.9499999999999993,4.48,3628.018
1467,2020/07/23,21.4,21.65,21,21.2,0.09999999999999787,0.47,1188.154
1467,2020/07/22,21.1,21.75,20.5,21.1,-0.04999999999999716,-0.24,1706.481
1467,2020/07/21,22,22.4,20.85,21.15,-0.75,-3.42,2252.425
1467,2020/07/20,20.6,22.95,19.3,21.9,0.6999999999999993,3.30,3458.58
1467,2020/07/17,23.3,23.3,21.1,21.2,-2.1999999999999993,-9.40,4515.72
1467,2020/07/16,25.3,26,23.1,23.4,-2,-7.87,4531.615
1467,2020/07/15,27.9,27.9,25,25.4,-0.6000000000000014,-2.31,4878.427
1467,2020/07/14,25.2,28.4,24.35,26,-0.10000000000000142,-0.38,15817.251
1467,2020/07/13,26.1,26.1,24.35,26.1,2.3500000000000014,9.89,14667.874
1467,2020/07/10,20.3,23.75,19.45,23.75,2.1499999999999986,9.95,12517.68
1467,2020/07/09,23.95,24.15,21.6,21.6,-2.349999999999998,-9.81,7197.724
1467,2020/07/08,24.2,26.4,23.95,23.95,-2.650000000000002,-9.96,9923.298
1467,2020/07/07,29.1,31,25.9,26.6,-1.9499999999999993,-6.83,8787.603
1467,2020/07/06,27.75,29,27.75,28.55,-0.1999999999999993,-0.70,1771.671
1467,2020/07/03,29.8,29.8,28.2,28.75,-0.3999999999999986,-1.37,1467.775
1467,2020/07/02,30,30,29.05,29.15,0.09999999999999787,0.34,1583.081
1467,2020/07/01,28.5,29.05,28.25,29.05,1.0500000000000007,3.75,1745.188
1467,2020/06/30,27.95,28.6,27.2,28,0.8000000000000007,2.94,2901.909
1467,2020/06/29,25,27.95,25,27.2,-0.05000000000000071,-0.18,6215.126
1467,2020/06/24,28.25,28.25,27.25,27.25,-3,-9.92,3715.091
1467,2020/06/23,32.6,32.6,30.25,30.25,-3.3500000000000014,-9.97,2092.833
1467,2020/06/22,33.3,35.4,33.3,33.6,-2.25,-6.28,2041.773
1467,2020/06/19,37.45,37.45,32.3,35.85,0,0.00,2968.597
1467,2020/06/18,34.95,35.9,34.95,35.85,3.200000000000003,9.80,2689.217
1467,2020/06/17,32.65,32.65,29.7,32.65,2.9499999999999993,9.93,4856.382
1467,2020/06/16,28.8,29.7,28.8,29.7,2.6999999999999993,10.00,1895.249
1467,2020/06/15,26.95,27,26.95,27,2.4499999999999993,9.98,3502.825
1467,2020/06/12,22.6,24.6,21.85,24.55,1.9499999999999993,8.63,4804.585
1467,2020/06/11,21.3,23.4,21.3,22.6,1.3000000000000007,6.10,6278.731
1467,2020/06/10,20.75,21.3,20,21.3,0.5500000000000007,2.65,4225.554
1467,2020/06/09,22,22,19.45,20.75,-0.3000000000000007,-1.43,6240.823
1467,2020/06/08,20.3,21.05,20,21.05,1.9000000000000021,9.92,9636.711
1467,2020/06/05,17.85,19.15,17.7,19.15,1.6499999999999986,9.43,7996.077
1467,2020/06/04,17.15,17.5,16.25,17.5,0.8000000000000007,4.79,7406.809
1467,2020/06/03,16.95,16.95,16.35,16.7,0.6499999999999986,4.05,6696.04
1467,2020/06/02,15.9,16.55,15.5,16.05,0.9500000000000011,6.29,10257.587
1467,2020/06/01,15,15.1,14.85,15.1,1.3499999999999996,9.82,5534.506
1467,2020/05/29,12.5,13.8,11.95,13.75,1.1500000000000004,9.13,6813.527
1467,2020/05/28,12.9,13.1,12.3,12.6,-0.40000000000000036,-3.08,3907.162
1467,2020/05/27,13.75,13.75,12.65,13,0.5,4.00,11187.943
1467,2020/05/26,12.5,12.5,12.5,12.5,1.0999999999999996,9.65,2231.542
1467,2020/05/25,11,11.4,10.6,11.4,1,9.62,6256.593
1467,2020/05/22,10.4,10.45,10.2,10.4,0,0.00,1223.959
1467,2020/05/21,10.5,10.65,10.4,10.4,-0.049999999999998934,-0.48,1712.37
1467,2020/05/20,10,10.8,9.97,10.45,0.3999999999999986,3.98,3271.755
1467,2020/05/19,10.4,10.4,9.8,10.05,-0.049999999999998934,-0.50,1594.773
1467,2020/05/18,9.97,10.25,9.93,10.1,0.049999999999998934,0.50,971.555
1467,2020/05/15,10.2,10.2,9.96,10.05,-0.09999999999999964,-0.99,757.466
1467,2020/05/14,10.15,10.4,9.96,10.15,-0.29999999999999893,-2.87,1434.285
1467,2020/05/13,9.94,10.55,9.71,10.45,0.5,5.03,5121.264
1467,2020/05/12,9.5,9.98,9.31,9.95,0.11999999999999922,1.22,1705.114
1467,2020/05/11,9.72,9.85,9.57,9.83,0.10999999999999943,1.13,780.125
1467,2020/05/08,9.93,9.93,9.67,9.72,0,0.00,616.581
1467,2020/05/07,9.4,10.05,9.32,9.72,0.41999999999999993,4.52,1613.922
1467,2020/05/06,9.9,9.9,9.28,9.3,-0.6099999999999994,-6.16,1489.45
1467,2020/05/05,10.4,10.4,9.51,9.91,-0.14000000000000057,-1.39,1870.552
1467,2020/05/04,10.5,10.65,10.05,10.05,-0.6999999999999993,-6.51,957.623
1467,2020/04/30,10.65,10.8,10.4,10.75,-0.05000000000000071,-0.46,1272.129
1467,2020/04/29,10,10.9,9.81,10.8,0.8900000000000006,8.98,6708.078
1467,2020/04/28,9.92,10,9.64,9.91,-0.019999999999999574,-0.20,1044.931
1467,2020/04/27,10.35,10.35,9.93,9.93,-0.22000000000000064,-2.17,1110.586
1467,2020/04/24,9.37,10.35,9.36,10.15,0.6500000000000004,6.84,2723.806
1467,2020/04/23,9.55,9.59,9.2,9.5,0.009999999999999787,0.11,821.1
1467,2020/04/22,9.51,9.66,9.28,9.49,-0.049999999999998934,-0.52,550.849
1467,2020/04/21,9.27,9.54,8.92,9.54,0.22999999999999865,2.47,3986.222
1467,2020/04/20,9.4,9.4,9.25,9.31,-0.08999999999999986,-0.96,205.533
1467,2020/04/17,9.2,9.4,9.14,9.4,0.2699999999999996,2.96,807.693
1467,2020/04/16,9.2,9.3,9.06,9.13,0.11000000000000121,1.22,1109.076
1467,2020/04/15,8.13,9.02,8.12,9.02,0.8200000000000003,10.00,2819.645
1467,2020/04/14,8.2,8.3,8.1,8.2,0,0.00,270.286
1467,2020/04/13,8.2,8.24,8.05,8.2,0,0.00,595.69
1467,2020/04/10,7.5,8.2,7.42,8.2,0.6999999999999993,9.33,1061.722
1467,2020/04/09,7.5,7.53,7.43,7.5,-0.03000000000000025,-0.40,199.1
1467,2020/04/08,7.53,7.54,7.4,7.53,0,0.00,194
1467,2020/04/07,7.52,7.56,7.45,7.53,0.010000000000000675,0.13,200.012
1467,2020/04/06,7.75,7.84,7.52,7.52,-0.28000000000000025,-3.59,275.22
1467,2020/04/01,7.95,7.95,7.6,7.8,-0.1800000000000006,-2.26,460.242
1467,2020/03/31,7.94,7.99,7.87,7.98,-0.019999999999999574,-0.25,211.305
1467,2020/03/30,7.89,8,7.67,8,0.09999999999999964,1.27,285.095
1467,2020/03/27,7.99,8.02,7.78,7.9,-0.09999999999999964,-1.25,657.715
1467,2020/03/26,7.88,8,7.6,8,0.03000000000000025,0.38,757.178
1467,2020/03/25,7.5,7.97,7.41,7.97,0.46999999999999975,6.27,704
1467,2020/03/24,6.88,7.56,6.8,7.5,0.6200000000000001,9.01,1404.354
1467,2020/03/23,6.11,6.91,6.11,6.88,0.28000000000000025,4.24,606.102
1467,2020/03/20,6.05,6.63,6.05,6.6,0.5699999999999994,9.45,951.12
1467,2020/03/19,6.69,6.69,6.03,6.03,-0.6600000000000001,-9.87,1254.02
1467,2020/03/18,6.64,7.13,6.54,6.69,-0.10999999999999943,-1.62,648.06
1467,2020/03/17,6.9,7.11,6.7,6.8,-0.3100000000000005,-4.36,569.559
1467,2020/03/16,6.47,7.12,6.34,7.11,0.6299999999999999,9.72,1657.976
1467,2020/03/13,6.95,6.95,6.37,6.48,-0.5899999999999999,-8.35,900.318
1467,2020/03/12,7.21,7.21,6.7,7.07,-0.10999999999999943,-1.53,1120.005
1467,2020/03/11,7.34,7.34,7.18,7.18,-0.16999999999999993,-2.31,182
1467,2020/03/10,7.38,7.38,7.12,7.35,-0.040000000000000036,-0.54,259
1467,2020/03/09,7.5,7.5,7.2,7.39,-0.1200000000000001,-1.60,306.101
1467,2020/03/06,7.42,7.55,7.42,7.51,-0.040000000000000036,-0.53,153.006
1467,2020/03/05,7.49,7.55,7.49,7.55,0.09999999999999964,1.34,403.001
1467,2020/03/04,7.51,7.51,7.43,7.45,-0.05999999999999961,-0.80,105.01
1467,2020/03/03,7.48,7.53,7.47,7.51,0.0699999999999994,0.94,155.035
1467,2020/03/02,7.52,7.52,7.38,7.44,-0.08999999999999986,-1.20,211.544
1467,2020/02/27,7.62,7.62,7.37,7.53,-0.14999999999999947,-1.95,274.893
1467,2020/02/26,7.71,7.71,7.59,7.68,-0.03000000000000025,-0.39,216.38
1467,2020/02/25,7.76,7.76,7.56,7.71,-0.04999999999999982,-0.64,405.201
1467,2020/02/24,7.77,7.81,7.69,7.76,-0.009999999999999787,-0.13,161.08
1467,2020/02/21,7.78,7.78,7.74,7.77,-0.010000000000000675,-0.13,125.104
1467,2020/02/20,7.79,7.83,7.75,7.78,-0.009999999999999787,-0.13,79.02
1467,2020/02/19,7.79,7.82,7.75,7.79,0,0.00,303.004
1467,2020/02/18,7.81,7.84,7.79,7.79,-0.04999999999999982,-0.64,77.001
1467,2020/02/17,7.94,7.94,7.83,7.84,-0.10000000000000053,-1.26,194.206
1467,2020/02/14,7.98,7.98,7.93,7.94,-0.009999999999999787,-0.13,136.672
1467,2020/02/13,7.9,8.15,7.89,7.95,0.08000000000000007,1.02,281.025
1467,2020/02/12,7.84,7.87,7.83,7.87,0.0600000000000005,0.77,63.301
1467,2020/02/11,7.86,7.86,7.77,7.81,-0.010000000000000675,-0.13,65.06
1467,2020/02/10,7.92,7.92,7.73,7.82,-0.09999999999999964,-1.26,164.161
1467,2020/02/07,7.93,7.96,7.91,7.92,0,0.00,252
1467,2020/02/06,7.92,7.97,7.9,7.92,-0.03000000000000025,-0.38,224.66
1467,2020/02/05,7.8,7.95,7.79,7.95,0.16000000000000014,2.05,267.922
1467,2020/02/04,7.81,7.81,7.66,7.79,0,0.00,311.455
1467,2020/02/03,7.86,7.89,7.68,7.79,-0.11000000000000032,-1.39,317
1467,2020/01/31,7.98,7.98,7.88,7.9,0.0600000000000005,0.77,280
1467,2020/01/30,7.85,8.02,7.84,7.84,-0.5199999999999996,-6.22,345.04
1467,2020/01/20,8.45,8.45,8.36,8.36,-0.05000000000000071,-0.59,115.001
1467,2020/01/17,8.44,8.44,8.36,8.41,0.040000000000000924,0.48,77.5
1467,2020/01/16,8.36,8.45,8.36,8.37,-0.10000000000000142,-1.18,101.604
1467,2020/01/15,8.48,8.48,8.36,8.47,0,0.00,21.064
1467,2020/01/14,8.43,8.5,8.4,8.47,0.05000000000000071,0.59,130
1467,2020/01/13,8.43,8.43,8.34,8.42,0.019999999999999574,0.24,180
1467,2020/01/10,8.41,8.46,8.4,8.4,0,0.00,38
1467,2020/01/09,8.46,8.46,8.38,8.4,-0.02999999999999936,-0.36,138.721
1467,2020/01/08,8.45,8.5,8.37,8.43,-0.019999999999999574,-0.24,172.457
1467,2020/01/07,8.51,8.51,8.41,8.45,-0.02000000000000135,-0.24,128
1467,2020/01/06,8.49,8.49,8.41,8.47,-0.05999999999999872,-0.70,146.227
1467,2020/01/03,8.67,8.68,8.53,8.53,-0.11000000000000121,-1.27,127.25
1467,2020/01/02,8.59,8.66,8.56,8.64,0.08000000000000007,0.93,169
1467,2019/12/31,8.46,8.6,8.46,8.56,-0.03999999999999915,-0.47,94.3
1467,2019/12/30,8.6,8.6,8.57,8.6,0.009999999999999787,0.12,286.18
1467,2019/12/27,8.6,8.6,8.58,8.59,0.019999999999999574,0.23,99.3
1467,2019/12/26,8.6,8.6,8.57,8.57,-0.009999999999999787,-0.12,63.125
1467,2019/12/25,8.63,8.63,8.58,8.58,-0.019999999999999574,-0.23,117.003
1467,2019/12/24,8.63,8.66,8.6,8.6,-0.009999999999999787,-0.12,96.99
1467,2019/12/23,8.62,8.65,8.58,8.61,-0.009999999999999787,-0.12,81.516
1467,2019/12/20,8.56,8.62,8.56,8.62,0.05999999999999872,0.70,232.24
1467,2019/12/19,8.59,8.59,8.55,8.56,-0.009999999999999787,-0.12,377.941
1467,2019/12/18,8.48,8.59,8.47,8.57,0.09999999999999964,1.18,536.451
1467,2019/12/17,8.46,8.48,8.45,8.47,0.040000000000000924,0.47,165.44
1467,2019/12/16,8.4,8.46,8.4,8.43,0.02999999999999936,0.36,257.412
1467,2019/12/13,8.46,8.47,8.38,8.4,-0.02999999999999936,-0.36,145.3
1467,2019/12/12,8.4,8.48,8.4,8.43,0,0.00,119.04
1467,2019/12/11,8.4,8.44,8.4,8.43,0,0.00,263.2
1467,2019/12/10,8.43,8.44,8.37,8.43,0.02999999999999936,0.36,194.001
1467,2019/12/09,8.43,8.44,8.38,8.4,0.009999999999999787,0.12,37.14
1467,2019/12/06,8.41,8.43,8.36,8.39,0.009999999999999787,0.12,108.46
1467,2019/12/05,8.41,8.41,8.34,8.38,-0.019999999999999574,-0.24,115.15
1467,2019/12/04,8.46,8.47,8.4,8.4,-0.03999999999999915,-0.47,40.1
1467,2019/12/03,8.46,8.46,8.41,8.44,0,0.00,109.041
1467,2019/12/02,8.48,8.48,8.35,8.44,-0.02000000000000135,-0.24,79.001
1467,2019/11/29,8.47,8.47,8.44,8.46,0.010000000000001563,0.12,140.2
1467,2019/11/28,8.47,8.48,8.45,8.45,0.009999999999999787,0.12,139.121
1467,2019/11/27,8.46,8.47,8.43,8.44,0,0.00,104.56
1467,2019/11/26,8.46,8.47,8.43,8.44,0,0.00,155.522
1467,2019/11/25,8.42,8.48,8.41,8.44,0.019999999999999574,0.24,88
1467,2019/11/22,8.37,8.42,8.37,8.42,0.05000000000000071,0.60,64.06
1467,2019/11/21,8.46,8.47,8.3,8.37,-0.0600000000000005,-0.71,403.108
1467,2019/11/20,8.42,8.43,8.39,8.43,0.009999999999999787,0.12,88.415
1467,2019/11/19,8.45,8.45,8.41,8.42,0.009999999999999787,0.12,126.1
1467,2019/11/18,8.22,8.42,8.22,8.41,0.21000000000000085,2.56,323.66
1467,2019/11/15,8.12,8.23,8.12,8.2,0.09999999999999964,1.23,225.009
1467,2019/11/14,8.07,8.1,8.05,8.1,0.03999999999999915,0.50,101.1
1467,2019/11/13,8.05,8.07,8.02,8.06,0.009999999999999787,0.12,124
1467,2019/11/12,8.14,8.14,8.02,8.05,-0.049999999999998934,-0.62,182.15
1467,2019/11/11,8.38,8.38,8,8.1,-0.28000000000000114,-3.34,390
1467,2019/11/08,8.43,8.45,8.38,8.38,-0.049999999999998934,-0.59,208.12
1467,2019/11/07,8.46,8.52,8.43,8.43,-0.030000000000001137,-0.35,143
1467,2019/11/06,8.45,8.47,8.39,8.46,0.010000000000001563,0.12,153.843
1467,2019/11/05,8.45,8.45,8.37,8.45,0,0.00,175.7
1467,2019/11/04,8.48,8.48,8.4,8.45,-0.030000000000001137,-0.35,156.6
1467,2019/11/01,8.48,8.48,8.41,8.48,0,0.00,114.2
1467,2019/10/31,8.48,8.48,8.43,8.48,0.009999999999999787,0.12,124.204
1467,2019/10/30,8.48,8.49,8.45,8.47,0.009999999999999787,0.12,135.763
1467,2019/10/29,8.43,8.5,8.4,8.46,0.040000000000000924,0.48,222.5
1467,2019/10/28,8.44,8.45,8.4,8.42,-0.009999999999999787,-0.12,169
1467,2019/10/25,8.41,8.45,8.36,8.43,0.019999999999999574,0.24,213.675
1467,2019/10/24,8.43,8.43,8.4,8.41,0.009999999999999787,0.12,49.1
1467,2019/10/23,8.45,8.45,8.39,8.4,-0.03999999999999915,-0.47,159.61
1467,2019/10/22,8.46,8.47,8.42,8.44,-0.02000000000000135,-0.24,175.48
1467,2019/10/21,8.47,8.49,8.46,8.46,-0.009999999999999787,-0.12,169.403
1467,2019/10/18,8.5,8.5,8.46,8.47,0,0.00,78
1467,2019/10/17,8.5,8.5,8.46,8.47,-0.019999999999999574,-0.24,128.875
1467,2019/10/16,8.47,8.52,8.47,8.49,0.019999999999999574,0.24,298.765
1467,2019/10/15,8.44,8.55,8.44,8.47,0.030000000000001137,0.36,538
1467,2019/10/14,8.43,8.57,8.43,8.44,0.019999999999999574,0.24,192.432
1467,2019/10/09,8.49,8.49,8.42,8.42,-0.07000000000000028,-0.82,53.421
1467,2019/10/08,8.52,8.52,8.45,8.49,-0.009999999999999787,-0.12,60.3
1467,2019/10/07,8.52,8.53,8.5,8.5,-0.019999999999999574,-0.23,81
1467,2019/10/04,8.52,8.54,8.5,8.52,-0.009999999999999787,-0.12,59.22
1467,2019/10/03,8.51,8.55,8.46,8.53,0.009999999999999787,0.12,94
1467,2019/10/02,8.56,8.56,8.47,8.52,-0.019999999999999574,-0.23,50
1467,2019/10/01,8.51,8.57,8.51,8.54,0.02999999999999936,0.35,42.26
1467,2019/09/27,8.51,8.56,8.45,8.51,-0.05000000000000071,-0.58,443.082
1467,2019/09/26,8.51,8.58,8.5,8.56,0,0.00,373.001
1467,2019/09/25,8.59,8.59,8.5,8.56,-0.009999999999999787,-0.12,318.897
1467,2019/09/24,8.58,8.61,8.5,8.57,0.040000000000000924,0.47,444.006
1467,2019/09/23,8.56,8.59,8.53,8.53,-0.030000000000001137,-0.35,240
1467,2019/09/20,8.62,8.7,8.51,8.56,-0.05999999999999872,-0.70,444.1
1467,2019/09/19,8.6,8.62,8.55,8.62,0.03999999999999915,0.47,141
1467,2019/09/18,8.62,8.66,8.57,8.58,-0.02999999999999936,-0.35,347.23
1467,2019/09/17,8.6,8.64,8.6,8.61,0.009999999999999787,0.12,189.281
1467,2019/09/16,8.64,8.71,8.54,8.6,-0.07000000000000028,-0.81,301.001
1467,2019/09/12,8.71,8.72,8.61,8.67,-0.019999999999999574,-0.23,329.001
1467,2019/09/11,8.73,8.79,8.68,8.69,0.009999999999999787,0.12,146.14
1467,2019/09/10,8.71,8.71,8.6,8.68,-0.030000000000001137,-0.34,185.371
1467,2019/09/09,8.77,8.77,8.67,8.71,0.040000000000000924,0.46,39.2
1467,2019/09/06,8.73,8.73,8.66,8.67,-0.05000000000000071,-0.57,128.172
1467,2019/09/05,8.78,8.78,8.69,8.72,-0.019999999999999574,-0.23,136.329
1467,2019/09/04,8.74,8.75,8.66,8.74,0,0.00,100.621
1467,2019/09/03,8.84,8.99,8.74,8.74,-0.0600000000000005,-0.68,223.2
1467,2019/09/02,8.8,8.85,8.77,8.8,0.010000000000001563,0.11,157.022
1467,2019/08/30,8.82,8.9,8.74,8.79,0.03999999999999915,0.46,354.002
1467,2019/08/29,8.8,8.8,8.72,8.75,0,0.00,102.045
1467,2019/08/28,8.7,8.88,8.7,8.75,0.13000000000000078,1.51,478.485
1467,2019/08/27,8.66,8.69,8.57,8.62,-0.030000000000001137,-0.35,303.687
1467,2019/08/26,8.73,8.73,8.65,8.65,-0.08999999999999986,-1.03,177.001
1467,2019/08/23,8.78,8.78,8.64,8.74,-0.03999999999999915,-0.46,177
1467,2019/08/22,8.84,8.84,8.66,8.78,-0.009999999999999787,-0.11,114.001
1467,2019/08/21,8.8,8.88,8.75,8.79,0.019999999999999574,0.23,183
1467,2019/08/20,8.76,8.82,8.65,8.77,0.03999999999999915,0.46,96.001
1467,2019/08/19,8.71,8.78,8.7,8.73,0.16999999999999993,1.99,369.1
1467,2019/08/16,8.61,8.77,8.56,8.56,0.030000000000001137,0.35,139
1467,2019/08/15,8.67,8.67,8.53,8.53,-0.15000000000000036,-1.73,169.06
1467,2019/08/14,8.85,8.92,8.63,8.68,-0.16000000000000014,-1.81,306.082
1467,2019/08/13,8.96,8.96,8.8,8.84,-0.14000000000000057,-1.56,71.241
1467,2019/08/12,8.7,9.04,8.7,8.98,0.25,2.86,298.42
1467,2019/08/08,8.74,8.77,8.65,8.73,0.07000000000000028,0.81,201.289
1467,2019/08/07,8.72,8.72,8.64,8.66,0.09999999999999964,1.17,257
1467,2019/08/06,8.7,8.79,8.53,8.56,-0.21999999999999886,-2.51,499
1467,2019/08/05,8.94,9,8.78,8.78,-0.13000000000000078,-1.46,294.141
1467,2019/08/02,9.1,9.1,8.91,8.91,-0.16999999999999993,-1.87,557.1
1467,2019/08/01,9.16,9.18,9.04,9.08,-0.03999999999999915,-0.44,274.02
1467,2019/07/31,9.2,9.2,9.09,9.12,0.02999999999999936,0.33,232.001
1467,2019/07/30,9.28,9.4,9.08,9.09,-0.17999999999999972,-1.94,474.2
1467,2019/07/29,9.51,9.51,9.26,9.27,-0.16999999999999993,-1.80,240.4
1467,2019/07/26,9.52,9.52,9.43,9.44,-0.02000000000000135,-0.21,140.101
1467,2019/07/25,9.6,9.6,9.46,9.46,-0.1399999999999988,-1.46,201.06
1467,2019/07/24,9.68,9.69,9.54,9.6,-0.05000000000000071,-0.52,604.15
1467,2019/07/23,9.75,9.75,9.58,9.65,-0.07000000000000028,-0.72,695
1467,2019/07/22,9.83,9.83,9.65,9.72,-0.08000000000000007,-0.82,561.1
1467,2019/07/19,9.53,9.85,9.41,9.8,0.27000000000000135,2.83,913.415
1467,2019/07/18,9.56,9.6,9.39,9.53,0.02999999999999936,0.32,507.199
1467,2019/07/17,9.33,9.5,9.3,9.5,0.17999999999999972,1.93,409.102
1467,2019/07/16,9.32,9.32,9.28,9.32,0.009999999999999787,0.11,73.993
1467,2019/07/15,9.39,9.39,9.29,9.31,0,0.00,101.202
1467,2019/07/12,9.31,9.35,9.3,9.31,0.009999999999999787,0.11,114
1467,2019/07/11,9.26,9.34,9.26,9.3,0,0.00,165.983
1467,2019/07/10,9.35,9.36,9.28,9.3,-0.049999999999998934,-0.53,87.05
1467,2019/07/09,9.31,9.35,9.3,9.35,0.03999999999999915,0.43,97
1467,2019/07/08,9.37,9.37,9.3,9.31,-0.05999999999999872,-0.64,74.4
1467,2019/07/05,9.35,9.39,9.3,9.37,0.019999999999999574,0.21,222.6
1467,2019/07/04,9.38,9.38,9.33,9.35,0,0.00,120.021
1467,2019/07/03,9.45,9.48,9.35,9.35,-0.09999999999999964,-1.06,142
1467,2019/07/02,9.48,9.49,9.42,9.45,0.019999999999999574,0.21,62.202
1467,2019/07/01,9.42,9.49,9.4,9.43,0.009999999999999787,0.11,119.498
1467,2019/06/28,9.38,9.69,9.34,9.42,0.03999999999999915,0.43,254.322
1467,2019/06/27,9.4,9.45,9.36,9.38,-0.03999999999999915,-0.42,247.251
1467,2019/06/26,9.47,9.47,9.33,9.42,0.02999999999999936,0.32,130
1467,2019/06/25,9.53,9.55,9.39,9.39,-0.08999999999999986,-0.95,221.302
1467,2019/06/24,9.45,9.5,9.44,9.48,0,0.00,112
1467,2019/06/21,9.43,9.55,9.41,9.48,0.05000000000000071,0.53,139.531
1467,2019/06/20,9.39,9.45,9.39,9.43,0.08999999999999986,0.96,129
1467,2019/06/19,9.35,9.38,9.33,9.34,0.019999999999999574,0.21,330.874
1467,2019/06/18,9.19,9.32,9.19,9.32,0.030000000000001137,0.32,94.001
1467,2019/06/17,9.27,9.29,9.24,9.29,0.049999999999998934,0.54,95.02
1467,2019/06/14,9.21,9.28,9.18,9.24,0.0600000000000005,0.65,104.9
1467,2019/06/13,9.14,9.18,9.13,9.18,0.03999999999999915,0.44,66
1467,2019/06/12,9.2,9.2,9.12,9.14,-0.02999999999999936,-0.33,109.512
1467,2019/06/11,9.35,9.35,9.15,9.17,-0.05000000000000071,-0.54,138.425
1467,2019/06/10,9.24,9.24,9.16,9.22,-0.019999999999999574,-0.22,123
1467,2019/06/06,9.39,9.4,9.23,9.24,-0.07000000000000028,-0.75,108.1
1467,2019/06/05,9.39,9.39,9.31,9.31,-0.02999999999999936,-0.32,21.065
1467,2019/06/04,9.55,9.56,9.34,9.34,-0.14000000000000057,-1.48,96.1
1467,2019/06/03,9.45,9.56,9.38,9.48,0.030000000000001137,0.32,90.164
1467,2019/05/31,9.31,9.52,9.26,9.45,0.16999999999999993,1.83,287.31
1467,2019/05/30,9.27,9.28,9.19,9.28,0.02999999999999936,0.32,78.001
1467,2019/05/29,9.27,9.27,9.2,9.25,0.03999999999999915,0.43,52.474
1467,2019/05/28,9.26,9.3,9.2,9.21,-0.049999999999998934,-0.54,154.538
1467,2019/05/27,9.29,9.3,9.22,9.26,0.009999999999999787,0.11,55
1467,2019/05/24,9.43,9.43,9.25,9.25,-0.15000000000000036,-1.60,71.02
1467,2019/05/23,9.41,9.41,9.33,9.4,0.07000000000000028,0.75,71.002
1467,2019/05/22,9.43,9.43,9.3,9.33,-0.09999999999999964,-1.06,79.001
1467,2019/05/21,9.27,9.43,9.23,9.43,0.1999999999999993,2.17,156.001
1467,2019/05/20,9.31,9.33,9.01,9.23,-0.08000000000000007,-0.86,220.489
1467,2019/05/17,9.49,9.53,9.29,9.31,-0.129999999999999,-1.38,449.003
1467,2019/05/16,9.81,9.81,9.44,9.44,-0.3100000000000005,-3.18,178.21
1467,2019/05/15,9.79,9.89,9.75,9.75,-0.02999999999999936,-0.31,124.003
1467,2019/05/14,9.41,9.78,9.41,9.78,0.08000000000000007,0.82,239.323
1467,2019/05/13,9.97,9.98,9.62,9.7,-0.22000000000000064,-2.22,303.2
1467,2019/05/10,9.92,10.05,9.9,9.92,-0.009999999999999787,-0.10,366
1467,2019/05/09,10.15,10.15,9.93,9.93,-0.16999999999999993,-1.68,250.263
1467,2019/05/08,10.2,10.25,10.1,10.1,-0.09999999999999964,-0.98,207.024
1467,2019/05/07,10.1,10.5,10.1,10.2,0.14999999999999858,1.49,234.002
1467,2019/05/06,10.25,10.25,10,10.05,-0.1999999999999993,-1.95,274.001
1467,2019/05/03,10.25,10.45,10.25,10.25,0.05000000000000071,0.49,218.001
1467,2019/05/02,10.05,10.3,10.05,10.2,-0.05000000000000071,-0.49,96.001
1467,2019/04/30,10.35,10.35,10.1,10.25,-0.15000000000000036,-1.44,320.638
1467,2019/04/29,10.5,10.6,10.3,10.4,0.05000000000000071,0.48,232.023
1467,2019/04/26,10.4,10.45,10.3,10.35,-0.15000000000000036,-1.43,306.521
1467,2019/04/25,10.05,10.7,10.05,10.5,0.4499999999999993,4.48,1510.016
1467,2019/04/24,10.15,10.15,10.05,10.05,-0.049999999999998934,-0.50,133.2
1467,2019/04/23,10.15,10.15,10,10.1,0,0.00,487.001
1467,2019/04/22,10.15,10.15,10,10.1,0,0.00,305.2
1467,2019/04/19,10.05,10.15,10,10.1,0.049999999999998934,0.50,294.052
1467,2019/04/18,10.4,10.4,10,10.05,-0.29999999999999893,-2.90,658.328
1467,2019/04/17,10.2,10.4,10.2,10.35,0.1999999999999993,1.97,318.04
1467,2019/04/16,10.2,10.25,10.15,10.15,-0.049999999999998934,-0.49,580.206
1467,2019/04/15,10.3,10.35,10.15,10.2,-0.10000000000000142,-0.97,465
1467,2019/04/12,10.25,10.45,10.15,10.3,0.05000000000000071,0.49,853.902
1467,2019/04/11,10,10.95,9.98,10.25,0.27999999999999936,2.81,6418.374
1467,2019/04/10,9.9,10.05,9.9,9.97,0.08999999999999986,0.91,687.305
1467,2019/04/09,9.86,9.91,9.8,9.88,-0.009999999999999787,-0.10,306
1467,2019/04/08,9.97,10.4,9.75,9.89,0,0.00,1179.986
1467,2019/04/03,9.55,10.25,9.52,9.89,0.3800000000000008,4.00,1273.136
1467,2019/04/02,9.45,9.53,9.42,9.51,0.11999999999999922,1.28,350.002
1467,2019/04/01,9.35,9.55,9.35,9.39,0.040000000000000924,0.43,254.009
1467,2019/03/29,9.31,9.35,9.28,9.35,0.03999999999999915,0.43,272.201
1467,2019/03/28,9.32,9.32,9.27,9.31,-0.009999999999999787,-0.11,55.135
1467,2019/03/27,9.32,9.34,9.29,9.32,0.019999999999999574,0.22,187.168
1467,2019/03/26,9.28,9.33,9.24,9.3,0.0600000000000005,0.65,411.082
1467,2019/03/25,9.23,9.26,9.2,9.24,0.009999999999999787,0.11,187.002
1467,2019/03/22,9.29,9.29,9.23,9.23,-0.02999999999999936,-0.32,175.1
1467,2019/03/21,9.3,9.33,9.25,9.26,-0.02999999999999936,-0.32,116.6
1467,2019/03/20,9.24,9.29,9.2,9.29,0.049999999999998934,0.54,287.37
1467,2019/03/19,9.24,9.35,9.24,9.24,0,0.00,159.2
1467,2019/03/18,9.43,9.43,9.23,9.24,-0.1899999999999995,-2.01,312.013
1467,2019/03/15,9.5,9.6,9.43,9.43,-0.07000000000000028,-0.74,395
1467,2019/03/14,9.12,9.77,9.12,9.5,0.39000000000000057,4.28,1068.275
1467,2019/03/13,9.13,9.14,9.09,9.11,0.009999999999999787,0.11,153.339
1467,2019/03/12,9.19,9.21,9.1,9.1,-0.08999999999999986,-0.98,358.04
1467,2019/03/11,9.19,9.26,9.17,9.19,0,0.00,283.008
1467,2019/03/08,9.24,9.24,9.17,9.19,-0.0600000000000005,-0.65,137.546
1467,2019/03/07,9.16,9.33,9.14,9.25,0.08999999999999986,0.98,364.26
1467,2019/03/06,9.13,9.16,9.11,9.16,0.019999999999999574,0.22,173.003
1467,2019/03/05,9.15,9.15,9.1,9.14,0.009999999999999787,0.11,95.38
1467,2019/03/04,9.1,9.16,9.1,9.13,-0.03999999999999915,-0.44,190.559
1467,2019/02/27,9.14,9.17,9.14,9.17,0.02999999999999936,0.33,68.166
1467,2019/02/26,9.18,9.2,9.14,9.14,-0.03999999999999915,-0.44,189.06
1467,2019/02/25,9.13,9.21,9.13,9.18,0.07000000000000028,0.77,311.077
1467,2019/02/22,9.13,9.13,9.09,9.11,-0.009999999999999787,-0.11,244.012
1467,2019/02/21,9.15,9.15,9.1,9.12,-0.010000000000001563,-0.11,112.219
1467,2019/02/20,9.12,9.17,9.12,9.13,0.010000000000001563,0.11,154.133
1467,2019/02/19,9.12,9.15,9.07,9.12,0,0.00,150.801
1467,2019/02/18,9.17,9.17,9.12,9.12,0.009999999999999787,0.11,177.789
1467,2019/02/15,9.17,9.17,9.01,9.11,-0.030000000000001137,-0.33,118.404
1467,2019/02/14,9.18,9.18,9.1,9.14,0.009999999999999787,0.11,194.2
1467,2019/02/13,9.24,9.24,9.1,9.13,-0.11999999999999922,-1.30,227.671
1467,2019/02/12,9.33,9.33,9.14,9.25,-0.08000000000000007,-0.86,167.515
1467,2019/02/11,9.34,9.34,9.26,9.33,0.009999999999999787,0.11,98.367
1467,2019/01/30,9.3,9.32,9.25,9.32,0.05000000000000071,0.54,52.002
1467,2019/01/29,9.3,9.32,9.27,9.27,-0.019999999999999574,-0.22,57.031
1467,2019/01/28,9.33,9.34,9.29,9.29,-0.040000000000000924,-0.43,60.001
1467,2019/01/25,9.35,9.47,9.33,9.33,-0.009999999999999787,-0.11,196.081
1467,2019/01/24,9.38,9.38,9.29,9.34,0.05000000000000071,0.54,44.064
1467,2019/01/23,9.23,9.3,9.19,9.29,0.05999999999999872,0.65,67.004
1467,2019/01/22,9.15,9.28,9.15,9.23,0.08000000000000007,0.87,194.008
1467,2019/01/21,9.15,9.18,9.13,9.15,0.019999999999999574,0.22,98.047
1467,2019/01/18,9.14,9.14,9.1,9.13,-0.009999999999999787,-0.11,50.006
1467,2019/01/17,9.12,9.18,9.09,9.14,0.030000000000001137,0.33,90.201
1467,2019/01/16,9.12,9.14,9.07,9.11,-0.009999999999999787,-0.11,105
1467,2019/01/15,9.16,9.16,9.1,9.12,-0.040000000000000924,-0.44,42
1467,2019/01/14,9.16,9.16,9.1,9.16,0,0.00,26.002
1467,2019/01/11,9.21,9.22,9.16,9.16,-0.009999999999999787,-0.11,85.052
1467,2019/01/10,9.18,9.19,9.14,9.17,-0.009999999999999787,-0.11,77.001
1467,2019/01/09,9.12,9.19,9.12,9.18,0.0600000000000005,0.66,122
1467,2019/01/08,9.14,9.18,9.09,9.12,-0.02000000000000135,-0.22,84
1467,2019/01/07,9.11,9.2,9.11,9.14,0.030000000000001137,0.33,181.02
1467,2019/01/04,9.11,9.14,8.91,9.11,0,0.00,490.001
1467,2019/01/03,9.09,9.19,9.07,9.11,0.019999999999999574,0.22,319
1467,2019/01/02,9.13,9.16,9.05,9.09,0.009999999999999787,0.11,187
1467,2018/12/28,9.13,9.13,9.03,9.08,-0.05000000000000071,-0.55,258
1467,2018/12/27,9.11,9.4,9.1,9.13,0.05000000000000071,0.55,226.2
1467,2018/12/26,9.1,9.3,9.02,9.08,0,0.00,314.4
1467,2018/12/25,9.2,9.22,9.03,9.08,-0.11999999999999922,-1.30,184.8
1467,2018/12/24,9.03,9.21,9.03,9.2,0.20999999999999908,2.34,285.001
1467,2018/12/22,8.98,9.02,8.95,8.99,-0.009999999999999787,-0.11,124.248
1467,2018/12/21,9.08,9.08,8.98,9,-0.02999999999999936,-0.33,137
1467,2018/12/20,9.19,9.19,9.03,9.03,-0.15000000000000036,-1.63,155.02
1467,2018/12/19,9.17,9.2,9.15,9.18,0.08000000000000007,0.88,129.002
1467,2018/12/18,9.45,9.45,9.1,9.1,-0.34999999999999964,-3.70,269
1467,2018/12/17,9.46,9.5,9.4,9.45,0,0.00,69.018
1467,2018/12/14,9.48,9.5,9.41,9.45,0,0.00,160.1
1467,2018/12/13,9.36,9.49,9.36,9.45,-0.030000000000001137,-0.32,96.042
1467,2018/12/12,9.47,9.51,9.45,9.48,0.030000000000001137,0.32,143.112
1467,2018/12/11,9.42,9.51,9.4,9.45,0.06999999999999851,0.75,74
1467,2018/12/10,9.57,9.62,9.38,9.38,-0.1999999999999993,-2.09,132.113
1467,2018/12/07,9.48,9.58,9.46,9.58,0.14000000000000057,1.48,185
1467,2018/12/06,9.75,9.79,9.42,9.44,-0.41000000000000014,-4.16,399
1467,2018/12/05,10.6,10.6,9.65,9.85,-0.8000000000000007,-7.51,1108.093
1467,2018/12/04,10.8,10.95,10.6,10.65,0,0.00,221
1467,2018/12/03,10.75,10.85,10.6,10.65,-0.049999999999998934,-0.47,282.112
1467,2018/11/30,10.1,10.7,10.1,10.7,0.5999999999999996,5.94,661.07
1467,2018/11/29,10.15,10.2,10,10.1,0,0.00,164.04
1467,2018/11/28,10.05,10.1,10,10.1,0.09999999999999964,1.00,300
1467,2018/11/27,10.05,10.05,9.97,10,0.03999999999999915,0.40,96.16
1467,2018/11/26,9.96,10.1,9.96,9.96,0.02000000000000135,0.20,47
1467,2018/11/23,9.95,9.97,9.93,9.94,-0.009999999999999787,-0.10,46.001
1467,2018/11/22,9.95,9.99,9.95,9.95,0,0.00,37.344
1467,2018/11/21,9.97,10,9.9,9.95,0.009999999999999787,0.10,135
1467,2018/11/20,10,10.1,9.94,9.94,-0.0600000000000005,-0.60,120.1
1467,2018/11/19,9.86,10.35,9.85,10,0.09999999999999964,1.01,752.1
1467,2018/11/16,10.1,10.1,9.87,9.9,-0.09999999999999964,-1.00,300
1467,2018/11/15,9.96,10.2,9.8,10,0.03999999999999915,0.40,657.297
1467,2018/11/14,9.13,9.99,9.13,9.96,0.870000000000001,9.57,462.321
1467,2018/11/13,9.02,9.1,8.97,9.09,0.05000000000000071,0.55,135.101
1467,2018/11/12,9.09,9.13,9.02,9.04,-0.030000000000001137,-0.33,293.286
1467,2018/11/09,9.05,9.11,9.02,9.07,0.07000000000000028,0.78,267
1467,2018/11/08,9.14,9.14,8.99,9,0,0.00,229.001
1467,2018/11/07,9.04,9.08,8.97,9,-0.03999999999999915,-0.44,277.02
1467,2018/11/06,9.01,9.16,9.01,9.04,0.02999999999999936,0.33,101
1467,2018/11/05,9.06,9.07,8.8,9.01,0.009999999999999787,0.11,71
1467,2018/11/02,9.06,9.2,9,9,-0.03999999999999915,-0.44,305.76
1467,2018/11/01,8.95,9.16,8.95,9.04,0.08999999999999986,1.01,161
1467,2018/10/31,8.68,9.14,8.68,8.95,0.3199999999999985,3.71,431
1467,2018/10/30,8.9,8.91,8.6,8.63,-0.2699999999999996,-3.03,444.01
1467,2018/10/29,9.01,9.15,8.73,8.9,0,0.00,466.1
1467,2018/10/26,9.01,9.3,8.85,8.9,-0.09999999999999964,-1.11,460
1467,2018/10/25,9.3,9.3,9,9,-0.5500000000000007,-5.76,560
1467,2018/10/24,9.79,9.79,9.51,9.55,-0.25,-2.55,223
1467,2018/10/23,9.93,9.94,9.8,9.8,-0.129999999999999,-1.31,182.086
1467,2018/10/22,9.76,10.05,9.76,9.93,0.16999999999999993,1.74,284.266
1467,2018/10/19,9.78,9.81,9.65,9.76,-0.040000000000000924,-0.41,314
1467,2018/10/18,9.83,9.89,9.51,9.8,-0.049999999999998934,-0.51,195
1467,2018/10/17,9.87,9.96,9.8,9.85,0.07000000000000028,0.72,258.479
1467,2018/10/16,9.77,10.15,9.76,9.78,0.049999999999998934,0.51,401
1467,2018/10/15,9.82,9.82,9.7,9.73,0.030000000000001137,0.31,340
1467,2018/10/12,9.35,9.8,9.34,9.7,0.35999999999999943,3.85,1065.001
1467,2018/10/11,9.71,9.71,9.1,9.34,-0.7100000000000009,-7.06,816.001
1467,2018/10/09,10.25,10.25,10,10.05,-0.14999999999999858,-1.47,754
1467,2018/10/08,10.45,10.5,10.2,10.2,-0.20000000000000107,-1.92,382.4
1467,2018/10/05,10.65,10.65,10.4,10.4,-0.1999999999999993,-1.89,965.045
1467,2018/10/04,10.65,10.7,10.6,10.6,-0.05000000000000071,-0.47,258
1467,2018/10/03,10.8,10.85,10.6,10.65,-0.049999999999998934,-0.47,252.003
1467,2018/10/02,10.65,10.8,10.65,10.7,0.049999999999998934,0.47,221
1467,2018/10/01,10.65,10.7,10.6,10.65,0,0.00,190.3
1467,2018/09/28,10.85,10.85,10.65,10.65,-0.15000000000000036,-1.39,283.416
1467,2018/09/27,10.85,10.9,10.8,10.8,0,0.00,172.1
1467,2018/09/26,10.85,10.9,10.75,10.8,0,0.00,195
1467,2018/09/25,10.85,10.95,10.75,10.8,-0.049999999999998934,-0.46,255.2
1467,2018/09/21,10.85,11,10.75,10.85,0,0.00,472
1467,2018/09/20,10.8,11.15,10.6,10.85,0.15000000000000036,1.40,1388
1467,2018/09/19,10.85,10.85,10.65,10.7,-0.10000000000000142,-0.93,129.15
1467,2018/09/18,10.6,10.85,10.6,10.8,0.25,2.37,667.05
1467,2018/09/17,10.65,10.7,10.55,10.55,-0.14999999999999858,-1.40,165.004
1467,2018/09/14,10.7,10.85,10.6,10.7,0,0.00,404.001
1467,2018/09/13,10.5,10.7,10.45,10.7,0.25,2.39,415.566
1467,2018/09/12,10.7,10.75,10.45,10.45,-0.25,-2.34,852
1467,2018/09/11,10.55,10.85,10.55,10.7,0.14999999999999858,1.42,301
1467,2018/09/10,10.8,10.8,10.55,10.55,-0.1999999999999993,-1.86,649.05
1467,2018/09/07,11.1,11.2,10.7,10.75,-0.3000000000000007,-2.71,646.124
1467,2018/09/06,11.1,11.2,11.05,11.05,-0.049999999999998934,-0.45,198
1467,2018/09/05,11.15,11.35,11.1,11.1,-0.05000000000000071,-0.45,341.2
1467,2018/09/04,11.25,11.25,11.05,11.15,0.15000000000000036,1.36,238.839
1467,2018/09/03,11.1,11.35,10.95,11,-0.05000000000000071,-0.45,675.001
1467,2018/08/31,11.2,11.3,11,11.05,-0.09999999999999964,-0.90,549.2
1467,2018/08/30,11.35,11.45,11.15,11.15,-0.1999999999999993,-1.76,415.002
1467,2018/08/29,11.4,11.65,11.35,11.35,0,0.00,421.46
1467,2018/08/28,11.5,11.8,11.25,11.35,0.09999999999999964,0.89,1521
1467,2018/08/27,11.25,11.35,11.1,11.25,0.05000000000000071,0.45,627.9
1467,2018/08/24,11.6,11.65,11.2,11.2,-0.40000000000000036,-3.45,1469.893
1467,2018/08/23,12.25,12.25,11.6,11.6,-0.5500000000000007,-4.53,6832.146
1467,2018/08/22,11.2,12.15,11.15,12.15,1.0999999999999996,9.95,4599.003
1467,2018/08/21,10.7,11.05,10.65,11.05,0.40000000000000036,3.76,682.667
1467,2018/08/20,10.65,10.9,10.6,10.65,0.09999999999999964,0.95,458
1467,2018/08/17,10.75,10.85,10.45,10.55,-0.1999999999999993,-1.86,569
1467,2018/08/16,10.65,10.75,10.6,10.75,-0.05000000000000071,-0.46,169.601
1467,2018/08/15,10.65,10.85,10.55,10.8,0.15000000000000036,1.41,451.108
1467,2018/08/14,10.55,10.9,10.55,10.65,0.15000000000000036,1.43,305.168
1467,2018/08/13,10.7,10.75,10.4,10.5,-0.15000000000000036,-1.41,527.003
1467,2018/08/10,10.65,10.8,10.65,10.65,0,0.00,164.275
1467,2018/08/09,10.75,10.8,10.65,10.65,-0.15000000000000036,-1.39,175.19
1467,2018/08/08,10.75,10.9,10.65,10.8,0.10000000000000142,0.93,357.389
1467,2018/08/07,10.8,10.85,10.7,10.7,-0.10000000000000142,-0.93,183.5
1467,2018/08/06,10.9,10.95,10.75,10.8,-0.1999999999999993,-1.82,217
1467,2018/08/03,10.65,11.05,10.65,11,0.40000000000000036,3.77,359.795
1467,2018/08/02,10.8,10.8,10.6,10.6,-0.25,-2.30,228.2
1467,2018/08/01,10.7,10.9,10.7,10.85,0.15000000000000036,1.40,620.301
1467,2018/07/31,10.65,10.85,10.6,10.7,0.049999999999998934,0.47,162.02
1467,2018/07/30,10.9,10.9,10.65,10.65,-0.1999999999999993,-1.84,241.001
1467,2018/07/27,10.8,10.95,10.7,10.85,0.09999999999999964,0.93,368.04
1467,2018/07/26,10.8,10.9,10.7,10.75,0,0.00,303.126
1467,2018/07/25,10.6,10.8,10.5,10.75,0.09999999999999964,0.94,553.066
1467,2018/07/24,10.7,10.85,10.55,10.65,0,0.00,174
1467,2018/07/23,11,11,10.6,10.65,-0.34999999999999964,-3.18,201
1467,2018/07/20,11.05,11.05,10.9,11,-0.09999999999999964,-0.90,484
1467,2018/07/19,10.55,11.2,10.55,11.1,0.5999999999999996,5.71,711.05
1467,2018/07/18,10.65,10.7,10.4,10.5,-0.09999999999999964,-0.94,552.12
1467,2018/07/17,10.65,10.7,10.55,10.6,0,0.00,78
1467,2018/07/16,10.75,10.85,10.6,10.6,-0.15000000000000036,-1.40,271.142
1467,2018/07/13,10.75,10.85,10.7,10.75,0.05000000000000071,0.47,216.405
1467,2018/07/12,10.75,10.95,10.65,10.7,0,0.00,243.18
1467,2018/07/11,10.75,10.75,10.5,10.7,-0.05000000000000071,-0.47,286
1467,2018/07/10,10.5,10.9,10.5,10.75,0.1999999999999993,1.90,332
1467,2018/07/09,10.55,10.65,10.4,10.55,0.05000000000000071,0.48,231
1467,2018/07/06,10.7,10.85,10.5,10.5,-0.15000000000000036,-1.41,254
1467,2018/07/05,10.6,10.75,10.5,10.65,0,0.00,315.1
1467,2018/07/04,10.6,10.75,10.5,10.65,-0.049999999999998934,-0.47,392.001
1467,2018/07/03,10.95,11.05,10.65,10.7,-0.20000000000000107,-1.83,462.05
1467,2018/07/02,10.9,11.2,10.9,10.9,0,0.00,328
1467,2018/06/29,10.95,11.2,10.9,10.9,0.05000000000000071,0.46,313
1467,2018/06/28,11.05,11.35,10.8,10.85,-0.20000000000000107,-1.81,538.15
1467,2018/06/27,10.75,11.25,10.75,11.05,0.40000000000000036,3.76,724.2
1467,2018/06/26,11.05,11.25,10.5,10.65,-0.6999999999999993,-6.17,1568.42
1467,2018/06/25,11.6,11.7,11.3,11.35,-0.40000000000000036,-3.40,711.04
1467,2018/06/22,11.4,12,11.25,11.75,0.09999999999999964,0.86,1141.869
1467,2018/06/21,12,12.2,11.6,11.65,-0.34999999999999964,-2.92,1164.42
1467,2018/06/20,12.65,12.85,11.9,12,-0.5500000000000007,-4.38,2227.23
1467,2018/06/19,12.3,13.4,12.3,12.55,-0.049999999999998934,-0.40,2792.1
1467,2018/06/15,13.4,13.4,12.55,12.6,-0.9500000000000011,-7.01,7412.191
1467,2018/06/14,13.35,13.55,13.25,13.55,1.200000000000001,9.72,13204.943
1467,2018/06/13,11.7,12.35,11.65,12.35,0.6500000000000004,5.56,1524.176
1467,2018/06/12,11.8,12.1,11.6,11.7,-0.10000000000000142,-0.85,1119.4
1467,2018/06/11,11.35,11.95,11.15,11.8,0.6000000000000014,5.36,969.84
1467,2018/06/08,11.1,11.4,11.1,11.2,-0.10000000000000142,-0.88,637
1467,2018/06/07,11.6,11.7,11.3,11.3,-0.4499999999999993,-3.83,613.05
1467,2018/06/06,11.9,11.9,11.45,11.75,-0.15000000000000036,-1.26,1052.36
1467,2018/06/05,11.4,12.35,11.3,11.9,0.5999999999999996,5.31,2011.419
1467,2018/06/04,11.3,11.55,11.2,11.3,0.25,2.26,604.577
1467,2018/06/01,10.85,11.4,10.75,11.05,0.25,2.31,659.499
1467,2018/05/31,10.9,10.9,10.6,10.8,0,0.00,673.051
1467,2018/05/30,10.4,10.9,10.35,10.8,0.45000000000000107,4.35,708.002
1467,2018/05/29,10.3,10.45,10.2,10.35,0,0.00,566.06
1467,2018/05/28,10.2,10.4,10.15,10.35,0.15000000000000036,1.47,607.12
1467,2018/05/25,10.3,10.3,10.15,10.2,-0.05000000000000071,-0.49,448.395
1467,2018/05/24,10.3,10.35,10.25,10.25,0,0.00,105.731
1467,2018/05/23,10.3,10.4,10.2,10.25,-0.05000000000000071,-0.49,338
1467,2018/05/22,10.25,10.35,10.15,10.3,0.10000000000000142,0.98,267.12
1467,2018/05/21,10.45,10.45,10.2,10.2,-0.20000000000000107,-1.92,223.617
1467,2018/05/18,10.5,10.65,10.2,10.4,-0.09999999999999964,-0.95,492.762
1467,2018/05/17,10.25,10.55,10.15,10.5,0.34999999999999964,3.45,905.331
1467,2018/05/16,9.9,10.25,9.87,10.15,0.2400000000000002,2.42,648.459
1467,2018/05/15,9.99,10,9.91,9.91,-0.03999999999999915,-0.40,152
1467,2018/05/14,10,10,9.78,9.95,0,0.00,450.92
1467,2018/05/11,10.2,10.25,9.95,9.95,-0.05000000000000071,-0.50,1007.035
1467,2018/05/10,9.99,10.05,9.96,10,0.03999999999999915,0.40,706.441
1467,2018/05/09,10.05,10.05,9.94,9.96,-0.08999999999999986,-0.90,177
1467,2018/05/08,10,10.05,9.91,10.05,0.05000000000000071,0.50,148
1467,2018/05/07,10.25,10.25,9.95,10,-0.25,-2.44,473
1467,2018/05/04,10.3,10.35,10.25,10.25,-0.05000000000000071,-0.49,289.2
1467,2018/05/03,10,10.3,10,10.3,0.3500000000000014,3.52,557
1467,2018/05/02,10.95,11,9.86,9.95,-1,-9.13,2884.007
1467,2018/04/30,11,11.05,10.9,10.95,-0.10000000000000142,-0.90,298.001
1467,2018/04/27,11,11.2,10.9,11.05,0.05000000000000071,0.45,331.104
1467,2018/04/26,11.3,11.5,10.85,11,-0.3000000000000007,-2.65,536.001
1467,2018/04/25,11.4,11.4,11,11.3,-0.14999999999999858,-1.31,691.003
1467,2018/04/24,11.7,11.7,11.3,11.45,-0.25,-2.14,545.102
1467,2018/04/23,11.8,11.8,11.6,11.7,-0.10000000000000142,-0.85,310.06
1467,2018/04/20,11.8,11.9,11.7,11.8,0,0.00,148
1467,2018/04/19,11.7,11.85,11.7,11.8,0,0.00,344.515
1467,2018/04/18,11.9,11.95,11.65,11.8,-0.09999999999999964,-0.84,439
1467,2018/04/17,11.95,12,11.85,11.9,-0.049999999999998934,-0.42,477
1467,2018/04/16,12,12,11.9,11.95,-0.05000000000000071,-0.42,255
1467,2018/04/13,12.05,12.15,11.9,12,0.05000000000000071,0.42,446.12
1467,2018/04/12,12.4,12.4,11.8,11.95,-0.45000000000000107,-3.63,1268.096
1467,2018/04/11,12.7,12.75,12.3,12.4,-0.34999999999999964,-2.75,740.194
1467,2018/04/10,12.65,12.85,12.5,12.75,0.05000000000000071,0.39,778.006
1467,2018/04/09,12.5,13.05,12.25,12.7,0.14999999999999858,1.20,2707.701
1467,2018/04/03,12.4,12.7,12.3,12.55,0.10000000000000142,0.80,877.046
1467,2018/04/02,11.9,12.6,11.85,12.45,0.5,4.18,1998.288
1467,2018/03/31,11.9,12,11.9,11.95,0.049999999999998934,0.42,212.254
1467,2018/03/30,12,12,11.85,11.9,-0.09999999999999964,-0.83,378
1467,2018/03/29,12,12.15,11.9,12,0.05000000000000071,0.42,386.6
1467,2018/03/28,11.9,12,11.85,11.95,0.049999999999998934,0.42,367.02
1467,2018/03/27,12,12.2,11.9,11.9,-0.049999999999998934,-0.42,234.148
1467,2018/03/26,11.85,12,11.85,11.95,0.049999999999998934,0.42,173.161
1467,2018/03/23,11.8,12.05,11.75,11.9,-0.25,-2.06,594.216
1467,2018/03/22,12.4,12.4,12.1,12.15,-0.25,-2.02,585.005
1467,2018/03/21,12.3,12.4,12.15,12.4,0.09999999999999964,0.81,465.64
1467,2018/03/20,12.4,12.45,12.15,12.3,-0.09999999999999964,-0.81,429.988
1467,2018/03/19,12.25,12.55,12.1,12.4,0.20000000000000107,1.64,2239.201
1467,2018/03/16,12.25,12.3,12.1,12.2,0,0.00,584.592
1467,2018/03/15,12.1,12.2,12.05,12.2,0.049999999999998934,0.41,797.77
1467,2018/03/14,12.05,12.3,12.05,12.15,0.09999999999999964,0.83,588.82
1467,2018/03/13,11.85,12.25,11.8,12.05,0.40000000000000036,3.43,924.1
1467,2018/03/12,11.75,11.8,11.6,11.65,-0.09999999999999964,-0.85,394.003
1467,2018/03/09,11.8,11.85,11.65,11.75,-0.05000000000000071,-0.42,286.004
1467,2018/03/08,11.75,11.85,11.7,11.8,0.05000000000000071,0.43,376.06
1467,2018/03/07,11.8,11.85,11.65,11.75,-0.05000000000000071,-0.42,349.004
1467,2018/03/06,11.85,11.95,11.65,11.8,0,0.00,571.153
1467,2018/03/05,11.9,11.95,11.6,11.8,-0.09999999999999964,-0.84,468.002
1467,2018/03/02,11.8,12,11.8,11.9,0.05000000000000071,0.42,213.336
1467,2018/03/01,11.85,11.95,11.8,11.85,0,0.00,326.005
1467,2018/02/27,12.05,12.15,11.75,11.85,-0.15000000000000036,-1.25,1636.107
1467,2018/02/26,12.2,12.3,12,12,-0.1999999999999993,-1.64,378.7
1467,2018/02/23,12.25,12.45,12.1,12.2,0,0.00,349.006
1467,2018/02/22,12.05,12.3,12,12.2,0.09999999999999964,0.83,507.004
1467,2018/02/21,11.9,12.15,11.8,12.1,0.09999999999999964,0.83,1097.002
1467,2018/02/12,12.05,12.15,11.8,12,0,0.00,326.656
1467,2018/02/09,11.45,12.1,11.45,12,-0.15000000000000036,-1.23,613.001
1467,2018/02/08,12.1,12.3,11.9,12.15,0.09999999999999964,0.83,430.22
1467,2018/02/07,12.15,12.35,12.05,12.05,0.20000000000000107,1.69,751.24
1467,2018/02/06,12.5,12.6,11.55,11.85,-0.9500000000000011,-7.42,2533.864
1467,2018/02/05,12.6,12.9,12.55,12.8,-0.14999999999999858,-1.16,852.099
1467,2018/02/02,12.85,13,12.85,12.95,0.09999999999999964,0.78,404.031
1467,2018/02/01,12.9,13.1,12.85,12.85,-0.05000000000000071,-0.39,501.002
1467,2018/01/31,12.9,13,12.8,12.9,0,0.00,669
1467,2018/01/30,13.25,13.25,12.9,12.9,-0.29999999999999893,-2.27,867.1
1467,2018/01/29,13.9,13.95,13.2,13.2,-0.40000000000000036,-2.94,2842.34
1467,2018/01/26,12.9,13.6,12.9,13.6,0.6999999999999993,5.43,2972.094
1467,2018/01/25,12.85,13,12.85,12.9,0.05000000000000071,0.39,672.154
1467,2018/01/24,13,13,12.8,12.85,0.049999999999998934,0.39,896.072
1467,2018/01/23,13.1,13.1,12.75,12.8,-0.1999999999999993,-1.54,1977.68
1467,2018/01/22,12.95,13.3,12.85,13,0.09999999999999964,0.78,4306.42
1467,2018/01/19,13,13.1,12.85,12.9,0,0.00,871.051
1467,2018/01/18,13,13.2,12.9,12.9,0,0.00,2892.309
1467,2018/01/17,12.95,12.95,12.75,12.9,-0.049999999999998934,-0.39,724.702
1467,2018/01/16,13,13.2,12.85,12.95,-0.05000000000000071,-0.38,1160.3
1467,2018/01/15,12.9,13.15,12.75,13,0.15000000000000036,1.17,2906
1467,2018/01/12,12.9,13,12.75,12.85,0.09999999999999964,0.78,841.495
1467,2018/01/11,12.95,13.05,12.7,12.75,-0.4499999999999993,-3.41,1567.198
1467,2018/01/10,12.85,13.45,12.85,13.2,0.4499999999999993,3.53,3757.996
1467,2018/01/09,12.5,13.6,12.5,12.75,0.25,2.00,8453.428
1467,2018/01/08,12.1,12.6,12.1,12.5,0.40000000000000036,3.31,1874.56
1467,2018/01/05,12.1,12.15,11.95,12.1,-0.05000000000000071,-0.41,1061.106
1467,2018/01/04,12.2,12.45,12.1,12.15,0.05000000000000071,0.41,2457.3
